,paginas,valor,edad,nivel_usuario,acciones_imput,duracion_imput_4,pais_Argentina,pais_Chile,pais_España,pais_Mexico,pais_USA,experiencia_alta,experiencia_baja,experiencia_media,navegador_Chrome,navegador_Edge,navegador_Firefox,navegador_Safari,hora_dia_imput_mañana,hora_dia_imput_noche,hora_dia_imput_tarde,clase
0,5,14,19.0,1.0,13.0,894.0,0,0,1,0,0,0,1,0,1,0,0,0,0,1,0,2
1,3,171,32.0,1.0,26.0,81.0,0,0,0,0,1,0,0,1,0,1,0,0,0,0,1,0
2,1,23,28.0,2.0,8.0,12.0,1,0,0,0,0,0,1,0,0,0,1,0,1,0,0,0
3,2,24,18.0,1.0,7.0,676.0,0,1,0,0,0,1,0,0,0,0,0,1,1,0,0,1
4,5,17,27.0,5.0,11.0,138.0,0,1,0,0,0,0,1,0,0,1,0,0,0,1,0,2
5,1,12,56.0,1.0,4.0,14.0,0,1,0,0,0,1,0,0,0,0,1,0,0,0,1,1
6,1,48,49.60166441,3.270591384,8.0,11.0,0,0,0,0,1,0,0,1,0,0,0,1,0,0,1,0
7,2,58,51.0,1.0,12.0,262.0,0,0,0,0,1,1,0,0,0,0,0,1,1,0,0,0
8,2,17,67.0,2.0,6.0,1.0,0,1,0,0,0,0,0,1,0,0,0,1,0,1,0,1
9,1,13,22.0,1.0,2.0,13.0,1,0,0,0,0,0,0,1,0,0,1,0,0,1,0,0
10,1,5,55.0,1.0,2.0,12.0,0,0,0,1,0,0,0,1,0,0,1,0,1,0,0,2
11,2,12,44.0,4.0,2.0,83.03675562759753,0,0,1,0,0,0,1,0,0,0,1,0,0,1,0,0
12,1,20,66.23544738,4.270749927,5.0,13.0,0,0,0,0,1,0,0,1,0,0,1,0,0,0,1,1
13,1,30,47.36015929,1.295666807,10.0,11.0,0,0,0,1,0,0,1,0,0,0,1,0,0,1,0,0
14,1,10,47.0,4.0,3.0,14.0,1,0,0,0,0,1,0,0,0,1,0,0,1,0,0,0
15,1,3,31.0,5.0,1.0,12.0,0,0,0,0,1,0,1,0,0,0,0,1,1,0,0,0
16,2,52,19.0,3.0,16.0,9.0,0,0,0,1,0,1,0,0,0,0,1,0,0,1,0,0
17,1,24,18.0,3.0,9.0,12.0,0,0,1,0,0,0,0,1,0,0,1,0,0,1,0,0
18,1,13,23.0,5.0,2.0,13.0,1,0,0,0,0,0,0,1,0,1,0,0,0,1,0,1
19,3,60,37.46801803,2.957524408,6.0,608.0,1,0,0,0,0,1,0,0,0,0,1,0,0,0,1,0
20,1,7,62.0,2.0,2.0,11.0,0,0,1,0,0,1,0,0,1,0,0,0,0,0,1,0
21,2,19,26.0,3.0,4.0,159.0,1,0,0,0,0,1,0,0,1,0,0,0,1,0,0,1
22,1,16,34.0,5.0,5.0,49.0,0,0,0,0,1,1,0,0,1,0,0,0,0,0,1,0
23,1,34,51.0,5.0,4.0,11.0,1,0,0,0,0,0,0,1,0,0,1,0,0,0,1,1
24,9,35,58.0,2.0,19.0,3.0,0,0,1,0,0,0,0,1,0,1,0,0,0,0,1,0
25,1,15,44.98897925,3.452771162,5.0,11.0,0,0,1,0,0,0,0,1,1,0,0,0,0,0,1,0
26,1,52,58.0,4.0,8.0,10.0,0,0,0,0,1,0,0,1,0,0,1,0,1,0,0,0
27,2,12,31.0,2.0,2.0,214.0,0,0,0,0,1,0,1,0,0,0,1,0,1,0,0,0
28,2,6,18.0,2.0,2.0,120.0,0,0,0,0,1,1,0,0,0,0,1,0,0,0,1,0
29,7,112,57.46924314,4.828499787,6.0,3.085,0,0,0,1,0,1,0,0,1,0,0,0,1,0,0,0
30,1,27,28.00929848,2.855437953,9.0,13.0,0,0,0,0,1,0,1,0,0,1,0,0,0,1,0,0
31,1,44,55.0,1.0,6.0,12.0,0,0,0,0,1,0,1,0,0,0,1,0,0,0,1,1
32,4,172,23.0,4.0,6.0,585.0,0,0,1,0,0,0,0,1,0,0,1,0,0,0,1,0
33,1,23,26.0,5.0,6.0,10.0,0,1,0,0,0,0,1,0,0,0,1,0,1,0,0,0
34,2,12,37.0,3.0,2.0,32.0,1,0,0,0,0,1,0,0,1,0,0,0,1,0,0,0
35,7,6,50.0,3.0,6.0,2.0,0,0,0,0,1,0,0,1,0,0,1,0,0,0,1,2
36,2,11,51.0,1.0,2.0,634.0,0,0,1,0,0,0,1,0,1,0,0,0,0,1,0,0
37,2,62,52.0,4.0,17.0,122.0,0,0,1,0,0,0,0,1,0,0,1,0,0,0,1,0
38,2,6,48.0,5.0,6.0,18.0,0,0,0,0,1,1,0,0,0,1,0,0,0,0,1,2
39,5,17,62.0,2.0,10.0,128.0,0,0,0,0,1,1,0,0,1,0,0,0,1,0,0,2
40,2,12,66.0,5.0,2.0,205.0,0,0,0,0,1,1,0,0,0,0,0,1,1,0,0,0
41,3,166,67.0,3.0,26.0,676.0,0,0,1,0,0,0,0,1,0,1,0,0,0,0,1,0
42,3,129,68.0,1.0,26.0,307.0,0,0,0,1,0,0,1,0,0,0,1,0,0,1,0,1
43,3,76,68.0,1.0,25.0,895.0,1,0,0,0,0,0,1,0,0,0,0,1,1,0,0,0
44,6,17,34.0,4.0,16.0,716.0,0,0,1,0,0,0,0,1,1,0,0,0,1,0,0,2
45,1,12,53.0,5.0,4.0,14.0,0,0,0,0,1,0,0,1,0,0,1,0,0,0,1,1
46,1,3,41.0,5.0,3.0,12.0,1,0,0,0,0,1,0,0,0,0,1,0,0,0,1,2
47,1,1,19.0,2.0,1.0,9.0,0,0,0,1,0,0,1,0,0,0,1,0,1,0,0,2
48,2,42,62.0,2.0,10.0,14.0,0,1,0,0,0,0,1,0,0,0,1,0,1,0,0,0
49,6,125,45.0,5.0,6.0,3.0,0,1,0,0,0,1,0,0,1,0,0,0,0,1,0,0
50,2,4,30.55109623,2.609819334,4.0,57.0,1,0,0,0,0,1,0,0,0,0,0,1,1,0,0,2
51,2,24,26.7474655,2.95723314,6.0,652.0,1,0,0,0,0,0,0,1,0,0,0,1,1,0,0,1
52,2,64,82.57675634,3.508769066,16.0,29.0,0,1,0,0,0,1,0,0,0,0,0,1,1,0,0,0
53,4,23,68.0,4.0,8.0,264.0,0,1,0,0,0,0,0,1,0,1,0,0,1,0,0,0
54,2,8,41.0,3.0,4.0,7.0,0,0,1,0,0,1,0,0,0,1,0,0,0,1,0,2
55,5,17,25.0,1.0,15.0,868.0,0,0,1,0,0,0,1,0,0,0,0,1,0,0,1,2
56,2,40,41.31616849,3.46800424,10.0,11.0,0,0,0,1,0,0,1,0,0,0,0,1,0,1,0,1
57,1,4,25.0,1.0,2.0,14.0,0,0,0,0,1,0,1,0,0,1,0,0,0,0,1,2
58,4,64,51.0,3.0,6.0,2.0,0,0,0,1,0,1,0,0,0,0,1,0,0,1,0,0
59,1,14,42.0,3.0,4.0,12.0,0,0,0,1,0,0,0,1,0,0,0,1,0,1,0,0
60,2,74,40.0,1.0,9.0,1.0,0,0,0,1,0,0,0,1,0,1,0,0,1,0,0,1
61,3,38,36.0,4.0,9.0,66.0,0,0,0,0,1,0,0,1,0,0,1,0,0,1,0,0
62,1,6,29.0,5.0,2.0,13.0,0,0,1,0,0,0,1,0,0,0,0,1,0,0,1,0
63,3,38,20.0,2.0,10.0,83.0,0,0,0,0,1,0,1,0,1,0,0,0,0,0,1,0
64,5,79,29.0,2.0,24.0,1.0,0,0,0,0,1,0,1,0,1,0,0,0,0,1,0,0
65,1,2,45.8434337,2.494990476,2.0,62.75770233849242,1,0,0,0,0,1,0,0,0,0,0,1,0,0,1,2
66,1,31,62.0,2.0,6.0,12.0,0,0,1,0,0,0,1,0,0,0,0,1,1,0,0,1
67,1,6,32.0,5.0,3.0,12.0,0,0,0,1,0,0,1,0,1,0,0,0,0,0,1,2
68,4,48,58.95217646,1.882394772,16.0,1.284,0,0,0,1,0,1,0,0,0,1,0,0,0,0,1,0
69,2,31,49.0,4.0,17.0,1.0,0,0,0,1,0,0,0,1,0,0,1,0,0,1,0,0
70,1,24,24.0,3.0,6.0,11.0,0,1,0,0,0,0,1,0,1,0,0,0,1,0,0,0
71,2,38,34.0,5.0,21.0,13.0,0,0,0,0,1,0,1,0,1,0,0,0,0,0,1,0
72,1,53,22.0,3.0,6.0,10.0,0,0,1,0,0,0,1,0,0,0,1,0,0,1,0,1
73,1,4,41.17020369,0.697433526,2.0,12.0,0,0,0,0,1,0,1,0,0,0,0,1,1,0,0,2
74,2,45,53.0,5.0,8.0,33.0,0,0,0,1,0,0,1,0,0,0,1,0,0,0,1,1
75,2,6,29.68925663,2.177858782,6.0,116.610946633412,0,0,1,0,0,1,0,0,0,0,0,1,0,0,1,2
76,2,4,64.0,4.0,2.0,15.0,1,0,0,0,0,0,1,0,0,0,0,1,1,0,0,0
77,1,21,28.0,2.0,9.0,12.0,1,0,0,0,0,1,0,0,0,0,0,1,1,0,0,0
78,1,32,67.0,3.0,6.0,12.0,0,0,0,0,1,0,1,0,1,0,0,0,1,0,0,0
79,4,160,45.8774698,1.591090696,6.0,1.59,1,0,0,0,0,1,0,0,1,0,0,0,0,1,0,0
80,1,1,46.0,3.0,1.0,8.0,0,0,0,0,1,0,1,0,0,1,0,0,1,0,0,2
81,1,3,61.0,3.0,3.0,12.0,0,0,0,1,0,0,0,1,0,1,0,0,0,0,1,2
82,1,15,58.50409683,-0.602387505,5.0,11.0,0,1,0,0,0,0,0,1,0,0,0,1,1,0,0,0
83,2,32,36.0,4.0,9.0,181.0,0,0,1,0,0,0,0,1,0,0,1,0,1,0,0,1
84,1,32,27.0,1.0,6.0,13.0,1,0,0,0,0,0,1,0,1,0,0,0,1,0,0,0
85,1,2,45.0,4.0,1.0,11.0,0,0,0,0,1,1,0,0,0,0,0,1,1,0,0,2
86,4,66,57.0,5.0,20.0,1.0,1,0,0,0,0,0,0,1,0,1,0,0,1,0,0,0
87,7,118,45.0,3.0,6.0,3.0,0,0,1,0,0,0,0,1,0,0,0,1,0,0,1,0
88,1,22,37.0,3.0,7.0,12.0,0,0,0,1,0,0,1,0,0,0,1,0,1,0,0,0
89,2,138,68.0,2.0,19.0,2.0,0,0,1,0,0,0,0,1,1,0,0,0,1,0,0,0
90,3,63,22.0,5.0,20.0,21.0,0,0,0,0,1,0,1,0,0,0,0,1,0,1,0,0
91,1,1,64.0,5.0,1.0,12.0,0,0,0,0,1,1,0,0,1,0,0,0,0,0,1,2
92,1,33,36.0,5.0,8.0,12.0,0,0,1,0,0,1,0,0,0,1,0,0,1,0,0,0
93,2,13,38.0,4.0,2.0,677.0,0,0,0,0,1,1,0,0,0,0,0,1,1,0,0,0
94,2,28,18.0,3.0,6.0,102.45320172673641,0,0,0,1,0,1,0,0,1,0,0,0,1,0,0,1
95,1,5,34.0,5.0,3.0,10.0,0,0,1,0,0,0,1,0,0,0,1,0,1,0,0,0
96,2,12,25.0,2.0,2.0,89.74628838059684,0,0,0,1,0,0,1,0,0,0,0,1,1,0,0,0
97,2,24,26.90269054,0.892135002,6.0,111.59726056491726,0,0,0,1,0,0,1,0,1,0,0,0,1,0,0,0
98,1,29,62.0,1.0,7.0,11.0,0,1,0,0,0,0,1,0,1,0,0,0,1,0,0,0
99,1,2,51.26003548,2.512163086,1.0,11.0,0,0,0,1,0,0,1,0,0,1,0,0,1,0,0,2
100,1,30,31.0,3.0,7.0,76.99528458748425,1,0,0,0,0,0,0,1,1,0,0,0,1,0,0,0
101,4,147,26.0,3.0,6.0,580.0,1,0,0,0,0,0,1,0,1,0,0,0,1,0,0,0
102,3,63,20.0,4.0,22.0,18.0,0,0,1,0,0,0,0,1,0,0,0,1,0,1,0,0
103,1,9,50.0,3.0,4.0,14.0,0,1,0,0,0,1,0,0,0,0,0,1,1,0,0,0
104,1,15,44.0,5.0,2.0,10.0,0,0,0,0,1,0,0,1,0,1,0,0,0,1,0,1
105,1,24,44.30300446,2.943812391,6.0,11.0,0,0,0,0,1,0,1,0,0,0,0,1,0,0,1,0
106,9,389,18.0,5.0,6.0,77.0,1,0,0,0,0,0,1,0,1,0,0,0,0,0,1,0
107,2,11,54.0,5.0,2.0,718.0,1,0,0,0,0,0,0,1,0,1,0,0,0,0,1,0
108,7,96,58.0,1.0,6.0,2.0,1,0,0,0,0,1,0,0,1,0,0,0,1,0,0,0
109,2,29,32.0,4.0,11.0,202.0,0,0,0,0,1,0,1,0,1,0,0,0,1,0,0,1
110,1,25,61.0,1.0,7.0,86.295647611346,0,0,0,1,0,0,1,0,0,1,0,0,0,1,0,0
111,4,15,55.0,5.0,6.0,101.0,1,0,0,0,0,1,0,0,0,1,0,0,1,0,0,2
112,2,30,18.1517811,3.506863251,10.0,145.0,0,0,0,0,1,1,0,0,1,0,0,0,1,0,0,1
113,2,9,61.0,4.0,4.0,159.0,1,0,0,0,0,0,0,1,0,0,0,1,0,0,1,2
114,1,40,69.0,2.0,6.0,12.0,0,0,0,0,1,0,0,1,0,1,0,0,0,1,0,1
115,1,11,30.0,1.0,2.0,11.0,0,1,0,0,0,0,1,0,0,0,1,0,1,0,0,0
116,2,61,22.0,5.0,17.0,30.0,0,0,0,1,0,0,0,1,0,1,0,0,0,0,1,0
117,1,18,35.0,2.0,5.0,74.39187531935424,0,0,0,1,0,1,0,0,0,0,0,1,0,1,0,1
118,1,3,29.0,4.0,3.0,11.0,0,0,0,0,1,0,0,1,1,0,0,0,0,0,1,2
119,2,67,19.0,1.0,10.0,1.0,0,0,0,1,0,1,0,0,1,0,0,0,0,1,0,1
120,1,31,47.0,5.0,9.0,11.0,0,0,0,0,1,0,0,1,0,1,0,0,0,0,1,0
121,2,6,44.0,3.0,6.0,113.85285491853112,0,0,0,1,0,0,1,0,1,0,0,0,0,1,0,2
122,1,11,56.0,5.0,2.0,13.0,0,1,0,0,0,0,1,0,0,0,1,0,1,0,0,0
123,1,32,66.0,4.0,9.0,11.0,0,0,1,0,0,0,0,1,0,0,0,1,0,1,0,0
124,1,6,24.0,1.0,3.0,71.78846605122423,0,1,0,0,0,1,0,0,0,1,0,0,0,0,1,2
125,3,66,44.0,1.0,6.0,444.0,1,0,0,0,0,1,0,0,0,0,0,1,0,0,1,0
126,2,52,47.0,4.0,19.0,9.0,1,0,0,0,0,0,1,0,0,0,0,1,0,1,0,0
127,2,40,50.0,2.0,9.0,11.0,0,0,0,0,1,0,1,0,0,0,1,0,0,1,0,1
128,1,3,67.0,1.0,4.0,11.0,0,0,0,1,0,0,1,0,0,0,1,0,1,0,0,2
129,2,36,48.98040293,4.97244707,18.0,1.0,1,0,0,0,0,0,0,1,0,0,1,0,1,0,0,0
130,1,25,42.0,4.0,4.0,14.0,0,0,0,0,1,1,0,0,0,0,1,0,0,1,0,0
131,1,3,26.0,4.0,2.0,10.0,0,0,1,0,0,1,0,0,0,0,1,0,0,0,1,2
132,1,3,56.0,4.0,1.0,16.0,0,0,1,0,0,1,0,0,0,1,0,0,0,0,1,0
133,1,4,46.0,3.0,1.0,13.0,0,1,0,0,0,0,0,1,0,0,1,0,1,0,0,0
134,4,58,22.0,5.0,25.0,2.0,0,0,0,1,0,0,0,1,0,1,0,0,1,0,0,0
135,1,17,64.0,1.0,2.0,12.0,1,0,0,0,0,0,0,1,0,1,0,0,1,0,0,1
136,1,1,60.0,3.0,1.0,13.0,0,0,1,0,0,0,1,0,0,0,1,0,0,1,0,2
137,1,28,67.81059563,3.173414463,7.0,319.0,0,0,1,0,0,1,0,0,0,1,0,0,0,0,1,0
138,2,57,49.0,3.0,18.0,51.0,0,0,0,1,0,1,0,0,0,0,0,1,0,1,0,0
139,1,6,29.0,5.0,2.0,11.0,0,1,0,0,0,1,0,0,0,1,0,0,1,0,0,0
140,1,12,39.0,3.0,3.0,9.0,0,0,0,1,0,1,0,0,1,0,0,0,1,0,0,0
141,1,26,53.0,3.0,6.0,13.0,1,0,0,0,0,0,0,1,0,1,0,0,0,1,0,1
142,1,24,43.0,2.0,7.0,14.0,0,0,0,1,0,0,0,1,1,0,0,0,0,1,0,1
143,2,12,26.82598715,1.271676272,2.0,29.0,0,0,1,0,0,0,0,1,1,0,0,0,0,1,0,0
144,4,99,24.0,2.0,22.0,227.4468629710994,0,0,0,0,1,0,0,1,1,0,0,0,0,1,0,0
145,2,13,52.0,4.0,2.0,29.0,0,0,1,0,0,1,0,0,0,0,1,0,0,1,0,0
146,1,22,41.0,1.0,6.0,12.0,1,0,0,0,0,0,0,1,0,0,1,0,0,1,0,1
147,2,142,69.0,2.0,15.0,92.0,0,0,1,0,0,0,1,0,0,0,0,1,0,1,0,1
148,1,41,55.0,5.0,9.0,10.0,0,0,0,0,1,1,0,0,1,0,0,0,0,0,1,0
149,6,96,35.67597973,4.716969798,12.0,235.0,0,1,0,0,0,1,0,0,0,1,0,0,0,0,1,1
150,2,2,19.0,2.0,2.0,898.0,0,1,0,0,0,0,1,0,0,0,1,0,0,0,1,2
151,6,6,49.0,2.0,6.0,1.0,0,0,1,0,0,1,0,0,1,0,0,0,1,0,0,2
152,1,38,19.0,4.0,7.0,12.0,0,0,1,0,0,0,1,0,1,0,0,0,1,0,0,0
153,1,45,50.0,3.0,8.0,9.0,0,0,0,1,0,0,0,1,1,0,0,0,1,0,0,0
154,2,5,47.0,5.0,2.0,116.0,0,0,0,0,1,0,0,1,1,0,0,0,1,0,0,2
155,1,6,57.0,3.0,2.0,12.0,0,1,0,0,0,0,1,0,0,0,1,0,0,0,1,0
156,2,12,66.0,2.0,2.0,210.0,1,0,0,0,0,0,0,1,0,0,0,1,1,0,0,0
157,1,6,67.0,2.0,2.0,11.0,0,1,0,0,0,0,0,1,0,0,0,1,1,0,0,0
158,2,4,42.0,2.0,2.0,15.0,0,0,0,1,0,1,0,0,0,1,0,0,0,1,0,0
159,1,41,63.0,4.0,7.0,9.0,0,0,1,0,0,1,0,0,0,0,0,1,0,1,0,0
160,1,25,64.0,1.0,4.0,11.0,1,0,0,0,0,0,1,0,0,0,0,1,0,1,0,0
161,5,17,66.0,5.0,18.0,762.0,0,1,0,0,0,1,0,0,1,0,0,0,0,0,1,2
162,2,12,18.0,3.0,2.0,28.0,0,0,0,1,0,0,1,0,1,0,0,0,0,1,0,0
163,6,103,51.0,5.0,12.0,226.0,0,1,0,0,0,1,0,0,0,0,0,1,0,0,1,1
164,2,22,23.0,3.0,4.0,156.0,0,1,0,0,0,1,0,0,1,0,0,0,0,0,1,1
165,1,25,24.0,4.0,7.0,13.0,0,0,0,0,1,0,0,1,0,0,0,1,0,0,1,0
166,2,53,59.0,4.0,16.0,147.0251254694221,0,0,0,1,0,0,1,0,0,0,0,1,1,0,0,0
167,2,35,19.0,4.0,6.0,29.0,0,0,0,0,1,0,1,0,1,0,0,0,0,0,1,1
168,3,79,65.0,4.0,24.0,19.0,0,1,0,0,0,0,0,1,0,0,0,1,0,1,0,0
169,6,121,52.0,4.0,6.0,3.0,0,0,0,0,1,0,0,1,1,0,0,0,0,1,0,0
170,1,4,47.0,1.0,2.0,12.0,0,0,0,0,1,0,0,1,0,0,1,0,0,0,1,2
171,1,27,37.0,5.0,7.0,10.0,0,0,0,0,1,0,1,0,0,1,0,0,1,0,0,0
172,2,10,60.0,1.0,7.0,151.0,0,0,0,0,1,0,0,1,1,0,0,0,1,0,0,2
173,2,105,41.0,5.0,21.0,2.0,0,0,0,1,0,1,0,0,1,0,0,0,0,0,1,0
174,2,4,28.00590146,1.584033837,2.0,15.0,0,0,0,1,0,0,0,1,0,0,1,0,1,0,0,0
175,1,14,35.0,5.0,4.0,52.0,0,0,1,0,0,1,0,0,0,0,0,1,1,0,0,0
176,1,7,32.0,2.0,3.0,13.0,0,0,0,1,0,0,1,0,0,0,0,1,0,0,1,2
177,2,12,61.0,1.0,4.0,308.0,0,0,0,1,0,0,1,0,0,1,0,0,0,1,0,1
178,1,4,43.0,4.0,1.0,14.0,0,0,1,0,0,0,0,1,0,0,0,1,0,1,0,2
179,3,25,61.0,5.0,8.0,275.0,0,1,0,0,0,0,1,0,0,0,1,0,0,1,0,0
180,4,76,27.0,2.0,19.0,867.0,0,0,0,1,0,1,0,0,0,1,0,0,1,0,0,0
181,4,18,67.0,2.0,10.0,108.0,0,0,1,0,0,0,0,1,1,0,0,0,0,0,1,2
182,2,48,58.96918117,1.541783325,8.0,33.0,1,0,0,0,0,1,0,0,0,0,1,0,0,0,1,1
183,3,11,50.0,2.0,6.0,99.0,0,0,0,1,0,1,0,0,0,0,0,1,0,1,0,2
184,1,22,67.0,3.0,9.0,13.0,1,0,0,0,0,1,0,0,0,1,0,0,1,0,0,0
185,2,14,62.0,3.0,5.0,271.0,0,1,0,0,0,1,0,0,0,1,0,0,0,1,0,2
186,2,72,29.0,1.0,8.0,1.0,0,0,1,0,0,0,1,0,1,0,0,0,0,0,1,1
187,1,12,48.0,2.0,4.0,14.0,0,0,0,1,0,1,0,0,0,0,1,0,0,1,0,1
188,1,33,20.0,1.0,8.0,9.0,0,0,0,1,0,0,1,0,0,1,0,0,0,1,0,0
189,2,3,50.0,2.0,2.0,94.40978286814922,0,0,0,0,1,0,1,0,0,0,1,0,0,0,1,0
190,1,23,39.0,3.0,5.0,10.0,0,0,0,1,0,1,0,0,1,0,0,0,1,0,0,0
191,1,47,48.0,5.0,7.0,61.47692891355266,0,1,0,0,0,1,0,0,0,0,0,1,1,0,0,1
192,1,3,19.0,2.0,4.0,11.0,0,1,0,0,0,1,0,0,1,0,0,0,0,1,0,2
193,1,2,30.0,1.0,1.0,11.0,1,0,0,0,0,1,0,0,0,0,1,0,0,0,1,0
194,1,21,65.0,4.0,5.0,10.0,0,0,0,0,1,0,0,1,0,0,0,1,0,1,0,1
195,2,30,24.0,2.0,5.0,33.0,0,0,0,0,1,0,1,0,0,0,1,0,0,1,0,1
196,7,115,52.0,2.0,6.0,2.0,0,1,0,0,0,1,0,0,0,1,0,0,0,0,1,0
197,1,1,26.0,1.0,1.0,13.0,1,0,0,0,0,0,1,0,0,0,1,0,1,0,0,2
198,1,4,56.0,4.0,2.0,10.0,0,0,1,0,0,0,0,1,0,0,1,0,1,0,0,2
199,1,24,43.0,2.0,5.0,13.0,0,1,0,0,0,1,0,0,0,0,1,0,0,1,0,0
200,5,108,28.0,5.0,25.0,261.4929909743542,1,0,0,0,0,1,0,0,0,0,1,0,1,0,0,0
201,1,11,56.0,5.0,3.0,14.0,1,0,0,0,0,0,0,1,0,0,1,0,0,1,0,0
202,2,49,31.0,2.0,11.0,279.0,0,0,0,1,0,1,0,0,0,1,0,0,1,0,0,1
203,1,12,63.0,2.0,4.0,11.0,1,0,0,0,0,1,0,0,0,0,1,0,1,0,0,1
204,4,15,48.0,4.0,14.0,558.0,0,0,0,1,0,0,0,1,0,0,1,0,1,0,0,2
205,1,6,31.0,4.0,2.0,12.0,0,1,0,0,0,0,1,0,0,0,0,1,1,0,0,0
206,2,12,57.25666671,3.040157209,6.0,109.0,0,0,1,0,0,1,0,0,1,0,0,0,0,0,1,2
207,1,2,41.0,5.0,1.0,10.0,0,0,0,1,0,1,0,0,0,0,0,1,0,0,1,2
208,1,14,34.0,1.0,3.0,67.64313761784433,0,0,0,0,1,0,1,0,1,0,0,0,1,0,0,0
209,1,18,40.33442018,5.498101382,6.0,13.0,1,0,0,0,0,0,0,1,0,0,0,1,1,0,0,1
210,1,4,55.0,2.0,2.0,11.0,0,0,0,1,0,1,0,0,0,1,0,0,1,0,0,2
211,1,34,45.0,4.0,9.0,11.0,0,0,1,0,0,0,0,1,0,0,0,1,0,0,1,0
212,1,11,24.0,5.0,3.0,9.0,0,0,1,0,0,0,1,0,0,0,1,0,1,0,0,0
213,2,67,48.0,4.0,20.0,13.0,0,1,0,0,0,0,1,0,1,0,0,0,0,0,1,0
214,1,2,47.0,5.0,1.0,11.0,1,0,0,0,0,1,0,0,0,1,0,0,1,0,0,0
215,1,4,24.0,1.0,2.0,13.0,0,0,0,0,1,0,0,1,0,0,1,0,0,1,0,2
216,4,57,65.0,5.0,6.0,1.0,0,1,0,0,0,0,0,1,1,0,0,0,0,0,1,0
217,2,13,31.0,5.0,2.0,30.0,0,0,0,0,1,1,0,0,0,0,0,1,1,0,0,0
218,2,5,28.0,4.0,6.0,20.0,0,0,0,0,1,0,1,0,0,0,0,1,0,1,0,2
219,1,3,62.0,5.0,3.0,10.0,0,0,0,0,1,0,0,1,0,1,0,0,0,0,1,2
220,1,7,43.0,1.0,3.0,9.0,0,1,0,0,0,1,0,0,1,0,0,0,0,0,1,2
221,6,90,52.0,1.0,6.0,1.0,0,1,0,0,0,0,0,1,0,0,1,0,1,0,0,0
222,2,30,54.0,1.0,6.0,30.0,0,0,1,0,0,0,1,0,0,0,0,1,0,0,1,1
223,2,14,32.0,2.0,2.0,206.0,1,0,0,0,0,0,1,0,0,0,0,1,1,0,0,0
224,2,2,60.0,5.0,2.0,2.0,0,1,0,0,0,0,1,0,0,0,0,1,0,1,0,2
225,1,28,43.0,2.0,6.0,14.0,1,0,0,0,0,0,0,1,0,1,0,0,0,0,1,1
226,6,63,61.0,3.0,23.0,2.0,0,0,1,0,0,0,1,0,0,0,0,1,1,0,0,0
227,5,5,29.0,1.0,5.0,2.0,0,0,0,0,1,1,0,0,0,0,0,1,0,0,1,2
228,2,42,45.0,2.0,19.0,1.0,0,1,0,0,0,1,0,0,0,1,0,0,0,0,1,0
229,1,24,45.0,4.0,8.0,82.83759868336927,0,1,0,0,0,0,0,1,0,0,1,0,1,0,0,0
230,1,13,36.0,1.0,3.0,10.0,1,0,0,0,0,0,1,0,1,0,0,0,0,1,0,1
231,1,29,59.0,3.0,11.0,10.0,1,0,0,0,0,0,1,0,0,0,1,0,1,0,0,0
232,1,15,29.0,4.0,3.0,10.0,1,0,0,0,0,0,1,0,1,0,0,0,1,0,0,0
233,4,146,54.0,5.0,6.0,259.0,0,0,0,1,0,1,0,0,0,0,1,0,0,0,1,1
234,3,162,33.56609696,3.343591985,6.0,86.0,0,1,0,0,0,1,0,0,0,0,0,1,1,0,0,0
235,4,56,20.15227184,1.228535245,6.0,154.90674096364882,0,1,0,0,0,0,1,0,0,0,1,0,0,0,1,0
236,2,5,69.0,5.0,2.0,75.0,0,0,1,0,0,1,0,0,1,0,0,0,1,0,0,0
237,1,24,61.0,1.0,7.0,12.0,0,0,1,0,0,0,1,0,1,0,0,0,0,0,1,1
238,2,19,26.0,3.0,6.0,110.0,0,0,0,1,0,1,0,0,0,1,0,0,0,0,1,1
239,1,34,37.0,3.0,11.0,99.27495696019332,1,0,0,0,0,0,1,0,0,0,1,0,1,0,0,0
240,1,15,51.0,3.0,4.0,11.0,0,1,0,0,0,1,0,0,0,1,0,0,1,0,0,0
241,4,48,49.0,1.0,21.0,1.0,0,0,1,0,0,0,0,1,1,0,0,0,1,0,0,0
242,1,3,33.0,1.0,3.0,12.0,0,0,0,1,0,0,1,0,0,1,0,0,0,1,0,2
243,1,3,35.0,3.0,3.0,11.0,0,0,0,0,1,1,0,0,0,1,0,0,0,0,1,2
244,1,3,53.0,2.0,3.0,69.98819783724204,0,0,0,0,1,0,0,1,0,1,0,0,1,0,0,2
245,2,13,33.0,5.0,2.0,79.16382319692539,1,0,0,0,0,0,1,0,0,0,1,0,0,0,1,0
246,3,43,54.0,1.0,10.0,85.0,0,0,0,1,0,0,1,0,0,1,0,0,1,0,0,0
247,5,25,35.0,4.0,11.0,488.0,1,0,0,0,0,1,0,0,0,0,1,0,1,0,0,2
248,2,11,69.0,2.0,2.0,90.26445443476933,0,1,0,0,0,1,0,0,0,0,1,0,0,0,1,0
249,1,52,38.0,2.0,5.0,13.0,0,1,0,0,0,1,0,0,0,0,1,0,1,0,0,1
250,2,41,36.0,4.0,8.0,31.0,0,0,0,0,1,0,1,0,1,0,0,0,0,0,1,1
251,5,83,33.0,2.0,6.0,1.0,0,0,0,0,1,0,1,0,0,0,1,0,1,0,0,0
252,1,6,47.26042277,5.920189924,3.0,11.0,1,0,0,0,0,0,1,0,1,0,0,0,0,1,0,0
253,2,3,65.0,5.0,2.0,15.0,0,0,0,1,0,1,0,0,0,1,0,0,0,1,0,0
254,3,37,63.0,2.0,8.0,89.0,1,0,0,0,0,1,0,0,0,1,0,0,1,0,0,0
255,2,6,60.0,1.0,6.0,901.0,0,0,0,1,0,0,0,1,0,0,1,0,0,0,1,2
256,2,30,49.0,1.0,11.0,14.0,0,0,1,0,0,0,1,0,0,1,0,0,1,0,0,0
257,1,3,53.0,4.0,3.0,11.0,0,0,0,0,1,1,0,0,0,1,0,0,1,0,0,2
258,2,2,38.0,2.0,2.0,1117.0,0,0,0,0,1,0,1,0,0,0,0,1,1,0,0,2
259,2,30,57.0,3.0,10.0,216.0,0,0,1,0,0,0,1,0,1,0,0,0,0,1,0,1
260,1,36,64.0,3.0,7.0,13.0,1,0,0,0,0,0,0,1,1,0,0,0,1,0,0,0
261,2,13,54.0,3.0,6.0,127.0,0,0,0,1,0,1,0,0,0,0,0,1,1,0,0,2
262,5,16,38.0,5.0,12.0,713.0,0,1,0,0,0,0,1,0,1,0,0,0,0,0,1,2
263,1,33,24.0,3.0,6.0,14.0,1,0,0,0,0,0,1,0,0,0,1,0,0,1,0,0
264,1,3,25.36142865,3.638570457,3.0,11.0,0,0,0,1,0,0,0,1,1,0,0,0,1,0,0,2
265,6,103,51.0,3.0,6.0,1.0,0,1,0,0,0,1,0,0,0,0,0,1,0,1,0,0
266,1,39,28.0,3.0,6.0,14.0,0,0,1,0,0,1,0,0,0,0,1,0,0,1,0,1
267,2,13,49.0,4.0,2.0,28.0,0,0,0,0,1,0,0,1,0,1,0,0,0,0,1,0
268,4,138,53.0,2.0,6.0,738.0,0,0,0,1,0,0,1,0,0,0,0,1,0,0,1,0
269,1,12,34.94141006,4.574973679,4.0,13.0,0,0,0,1,0,0,1,0,0,0,0,1,1,0,0,0
270,1,3,25.0,3.0,3.0,11.0,0,0,1,0,0,0,1,0,0,1,0,0,0,0,1,2
271,2,65,46.0,2.0,17.0,33.0,0,0,0,0,1,0,1,0,0,0,1,0,0,0,1,0
272,2,42,24.0,5.0,8.0,11.0,0,0,0,1,0,0,0,1,0,0,0,1,0,1,0,1
273,1,3,42.37471762,2.854093571,3.0,11.0,1,0,0,0,0,1,0,0,1,0,0,0,1,0,0,2
274,1,12,37.18808095,4.280262696,4.0,13.0,0,0,0,1,0,1,0,0,0,0,1,0,0,0,1,1
275,2,4,64.0,5.0,2.0,15.0,0,1,0,0,0,1,0,0,0,0,0,1,1,0,0,0
276,1,4,66.0,2.0,2.0,12.0,0,0,0,1,0,1,0,0,1,0,0,0,0,1,0,2
277,1,3,68.0,3.0,3.0,11.0,0,0,1,0,0,0,0,1,0,1,0,0,0,1,0,2
278,1,23,29.0,4.0,5.0,11.0,0,0,0,1,0,1,0,0,1,0,0,0,1,0,0,0
279,2,19,39.0,2.0,6.0,1.0,0,0,1,0,0,0,1,0,0,1,0,0,1,0,0,1
280,1,32,29.0,2.0,6.0,15.0,0,0,0,1,0,1,0,0,0,0,0,1,1,0,0,0
281,4,65,50.0,1.0,16.0,730.0,0,0,0,1,0,1,0,0,0,0,1,0,0,0,1,0
282,3,82,46.0,5.0,17.0,625.0,0,0,0,1,0,1,0,0,1,0,0,0,0,0,1,1
283,2,8,37.0,2.0,4.0,180.0,0,0,0,1,0,0,1,0,0,0,1,0,0,1,0,2
284,1,24,43.40513918,2.471505565,6.0,12.0,0,1,0,0,0,0,0,1,0,0,1,0,0,1,0,1
285,3,54,67.0,2.0,6.0,711.0,0,0,1,0,0,0,0,1,0,0,0,1,0,0,1,0
286,1,25,19.0,4.0,4.0,14.0,0,0,0,1,0,1,0,0,0,1,0,0,0,1,0,0
287,4,130,47.0,4.0,20.0,249.0,0,0,0,1,0,0,0,1,1,0,0,0,0,1,0,1
288,1,6,67.0,5.0,4.0,12.0,0,0,1,0,0,0,1,0,0,0,0,1,1,0,0,2
289,5,14,60.0,3.0,16.0,722.0,1,0,0,0,0,0,1,0,1,0,0,0,1,0,0,2
290,1,31,47.0,5.0,7.0,13.0,0,0,1,0,0,0,1,0,0,0,1,0,0,0,1,1
291,4,162,69.0,3.0,6.0,639.0,0,0,1,0,0,0,1,0,0,0,1,0,1,0,0,0
292,1,16,45.17305383,3.851702507,4.0,12.0,1,0,0,0,0,0,1,0,1,0,0,0,1,0,0,0
293,1,24,65.0,1.0,5.0,14.0,1,0,0,0,0,0,0,1,0,0,0,1,1,0,0,0
294,2,40,24.0,2.0,12.0,13.0,0,0,0,0,1,0,0,1,0,1,0,0,0,0,1,0
295,2,2,36.0,3.0,2.0,2.0,1,0,0,0,0,0,1,0,0,0,1,0,0,1,0,2
296,2,20,64.0,2.0,6.0,52.0,1,0,0,0,0,0,0,1,0,0,1,0,1,0,0,1
297,1,16,33.0,2.0,3.0,13.0,0,0,0,1,0,0,1,0,0,1,0,0,1,0,0,0
298,5,240,27.64618214,2.920661591,6.0,117.0,0,0,0,0,1,0,0,1,0,0,1,0,0,0,1,0
299,2,12,53.92759157,4.163779029,6.0,266.0,0,1,0,0,0,0,1,0,0,1,0,0,0,0,1,2
300,2,13,33.0,2.0,2.0,30.0,0,0,0,1,0,0,0,1,0,0,0,1,0,0,1,0
301,1,28,34.0,2.0,7.0,12.0,0,0,0,1,0,0,0,1,0,0,1,0,0,0,1,0
302,3,50,53.0,5.0,9.0,186.0,1,0,0,0,0,0,1,0,0,0,0,1,1,0,0,1
303,1,14,31.0,3.0,6.0,54.0,0,0,1,0,0,1,0,0,0,0,0,1,0,1,0,0
304,1,19,64.0,5.0,3.0,12.0,0,0,0,1,0,0,0,1,0,0,1,0,0,1,0,0
305,2,56,26.0,5.0,8.0,1.0,0,0,0,0,1,1,0,0,0,0,0,1,0,1,0,1
306,1,2,22.0,5.0,2.0,11.0,0,0,0,0,1,0,1,0,1,0,0,0,0,1,0,2
307,1,16,23.0,1.0,4.0,11.0,0,0,0,1,0,0,0,1,0,0,0,1,1,0,0,0
308,1,3,55.0,3.0,2.0,60.54534731339264,0,0,0,0,1,0,1,0,0,1,0,0,0,1,0,2
309,1,24,56.51360441,0.78698127,8.0,12.0,0,0,1,0,0,1,0,0,0,0,0,1,1,0,0,0
310,2,13,36.0,2.0,6.0,94.0,0,0,0,0,1,0,1,0,0,1,0,0,0,0,1,2
311,5,95,58.0,1.0,6.0,1.0,0,0,1,0,0,0,0,1,0,0,0,1,0,0,1,0
312,2,13,53.0,3.0,2.0,28.0,1,0,0,0,0,1,0,0,0,1,0,0,0,0,1,0
313,8,34,62.0,1.0,19.0,3.0,1,0,0,0,0,0,1,0,0,1,0,0,0,0,1,0
314,1,3,32.0,3.0,3.0,9.0,0,0,1,0,0,1,0,0,0,1,0,0,1,0,0,2
315,3,116,33.0,2.0,18.0,79.0,0,0,0,0,1,0,1,0,0,0,0,1,0,1,0,1
316,2,31,61.0,5.0,9.0,112.45342325326891,0,0,0,1,0,0,1,0,0,1,0,0,0,1,0,1
317,1,5,26.0,4.0,2.0,10.0,0,0,1,0,0,0,1,0,0,0,0,1,0,0,1,0
318,3,72,40.18563156,0.458390695,18.0,674.0,0,1,0,0,0,0,1,0,0,0,1,0,0,0,1,1
319,3,22,25.0,3.0,3.0,47.0,0,0,0,0,1,1,0,0,1,0,0,0,1,0,0,1
320,1,4,39.0,2.0,2.0,9.0,0,0,0,0,1,0,1,0,1,0,0,0,0,1,0,2
321,2,122,52.0,1.0,20.0,145.68830345041846,0,1,0,0,0,0,1,0,0,0,1,0,1,0,0,0
322,2,48,33.0,1.0,14.0,46.0,0,0,0,0,1,0,0,1,0,1,0,0,1,0,0,0
323,1,24,28.98304919,3.245934417,4.0,13.0,0,0,0,0,1,0,0,1,1,0,0,0,1,0,0,0
324,4,144,65.8184052,2.574749634,24.0,275.0,0,0,0,1,0,0,1,0,0,0,1,0,1,0,0,1
325,2,14,32.0,5.0,6.0,153.0,0,0,1,0,0,1,0,0,0,0,1,0,1,0,0,2
326,4,26,67.0,4.0,10.0,538.0,0,0,1,0,0,0,1,0,0,1,0,0,0,0,1,2
327,2,26,41.0,3.0,12.0,158.0,0,1,0,0,0,1,0,0,0,1,0,0,0,0,1,0
328,1,3,63.0,3.0,3.0,66.6334314607424,0,0,1,0,0,0,0,1,0,0,1,0,0,0,1,2
329,2,27,36.0,3.0,9.0,226.0,0,0,0,0,1,1,0,0,0,0,0,1,1,0,0,1
330,1,14,28.0,1.0,2.0,12.0,1,0,0,0,0,0,0,1,0,0,1,0,0,0,1,1
331,1,2,56.0,5.0,2.0,13.0,1,0,0,0,0,1,0,0,0,0,0,1,0,0,1,2
332,4,73,41.0,5.0,19.0,855.0,0,1,0,0,0,0,1,0,0,1,0,0,0,0,1,0
333,2,60,21.0,2.0,21.0,16.0,0,0,0,1,0,0,1,0,0,0,1,0,0,0,1,0
334,2,20,63.0,2.0,5.0,51.0,0,1,0,0,0,1,0,0,1,0,0,0,1,0,0,1
335,2,55,45.0,4.0,21.0,19.0,0,1,0,0,0,1,0,0,0,1,0,0,1,0,0,0
336,3,77,26.0,1.0,19.0,704.0,0,0,0,0,1,1,0,0,1,0,0,0,0,0,1,1
337,2,4,37.0,4.0,2.0,17.0,0,1,0,0,0,0,0,1,0,1,0,0,0,0,1,0
338,1,1,66.0,3.0,1.0,13.0,0,0,0,0,1,0,0,1,0,0,0,1,1,0,0,2
339,2,36,49.0,4.0,11.0,13.0,0,0,0,0,1,0,0,1,0,1,0,0,0,1,0,0
340,2,11,45.0,2.0,5.0,301.0,0,1,0,0,0,0,0,1,0,1,0,0,1,0,0,2
341,1,2,56.0,3.0,1.0,12.0,0,1,0,0,0,1,0,0,0,0,0,1,1,0,0,2
342,1,4,54.0,5.0,2.0,12.0,0,1,0,0,0,1,0,0,1,0,0,0,0,0,1,2
343,2,39,56.0,2.0,9.0,11.0,0,1,0,0,0,1,0,0,0,0,1,0,0,0,1,1
344,1,35,34.04759556,5.723485401,7.0,11.0,0,0,1,0,0,0,1,0,0,0,0,1,1,0,0,0
345,4,282,24.0,1.0,6.0,118.0,0,0,0,0,1,0,0,1,0,0,1,0,0,1,0,0
346,3,146,52.0,3.0,19.0,83.0,0,0,0,1,0,0,1,0,0,0,1,0,0,0,1,1
347,2,4,60.0,4.0,2.0,15.0,0,0,0,0,1,0,0,1,1,0,0,0,1,0,0,0
348,2,71,47.0,1.0,14.0,112.0,0,0,0,0,1,1,0,0,0,0,0,1,0,1,0,0
349,2,13,58.0,3.0,6.0,131.0,0,0,1,0,0,0,1,0,1,0,0,0,1,0,0,2
350,1,2,41.0,5.0,2.0,12.0,0,0,0,0,1,0,1,0,0,0,0,1,0,1,0,2
351,1,3,42.0,5.0,3.0,14.0,0,0,1,0,0,1,0,0,0,0,1,0,0,1,0,2
352,1,3,47.0,4.0,3.0,10.0,1,0,0,0,0,0,0,1,0,0,1,0,0,0,1,2
353,2,13,59.0,5.0,2.0,24.0,0,0,0,1,0,1,0,0,0,0,1,0,1,0,0,0
354,1,7,22.0,5.0,4.0,12.0,0,0,0,1,0,0,1,0,0,1,0,0,0,0,1,0
355,3,12,52.0,3.0,2.0,807.0,0,0,0,1,0,0,1,0,0,0,0,1,0,0,1,0
356,1,3,32.0,3.0,2.0,13.0,0,0,0,0,1,0,1,0,1,0,0,0,1,0,0,2
357,2,30,41.83023219,1.589549535,6.0,485.0,0,0,1,0,0,0,0,1,0,1,0,0,0,1,0,1
358,1,5,52.0,2.0,2.0,13.0,0,0,0,1,0,1,0,0,0,0,0,1,0,0,1,2
359,3,26,30.0,2.0,6.0,445.0,0,0,1,0,0,1,0,0,1,0,0,0,0,0,1,1
360,2,11,49.0,2.0,7.0,147.0,0,1,0,0,0,0,0,1,0,0,0,1,0,1,0,2
361,2,6,55.48825408,2.887317753,6.0,21.0,0,0,1,0,0,1,0,0,1,0,0,0,0,0,1,2
362,2,6,55.0,5.0,6.0,934.0,0,0,0,1,0,0,0,1,0,1,0,0,1,0,0,2
363,5,104,58.0,3.0,6.0,1.0,0,0,1,0,0,1,0,0,0,0,0,1,0,0,1,0
364,1,35,70.11675941,1.066264792,5.0,12.0,0,0,0,1,0,0,0,1,0,0,0,1,1,0,0,1
365,1,9,38.0,5.0,3.0,12.0,0,0,0,0,1,1,0,0,1,0,0,0,0,1,0,0
366,1,33,22.0,4.0,6.0,12.0,1,0,0,0,0,1,0,0,0,1,0,0,0,1,0,0
367,1,4,28.0,5.0,2.0,12.0,1,0,0,0,0,0,1,0,0,0,1,0,0,1,0,2
368,2,40,58.0,2.0,20.0,9.0,1,0,0,0,0,1,0,0,0,0,0,1,0,1,0,0
369,2,74,44.0,1.0,6.0,629.0,0,1,0,0,0,0,1,0,1,0,0,0,0,0,1,0
370,1,37,25.0,1.0,5.0,12.0,0,0,0,0,1,0,0,1,0,1,0,0,0,1,0,1
371,1,24,38.0,2.0,6.0,11.0,0,0,0,1,0,1,0,0,0,0,1,0,0,1,0,1
372,1,14,65.0,3.0,5.0,55.0,1,0,0,0,0,0,0,1,1,0,0,0,0,0,1,0
373,1,24,36.0,2.0,6.0,12.0,0,0,0,1,0,0,0,1,0,0,1,0,0,0,1,1
374,2,43,18.0,5.0,12.0,194.0,0,0,0,1,0,0,1,0,1,0,0,0,1,0,0,1
375,3,30,30.89857897,2.883892355,6.0,473.0,0,0,0,1,0,1,0,0,0,0,1,0,1,0,0,1
376,1,6,67.0,3.0,3.0,11.0,0,0,1,0,0,1,0,0,0,1,0,0,0,1,0,2
377,9,143,59.0,5.0,6.0,3.0,0,1,0,0,0,1,0,0,0,0,1,0,0,0,1,0
378,1,17,48.0,3.0,2.0,13.0,0,1,0,0,0,0,1,0,1,0,0,0,0,0,1,1
379,2,17,34.0,1.0,5.0,54.0,0,1,0,0,0,0,1,0,0,1,0,0,1,0,0,1
380,2,27,37.0,3.0,6.0,636.0,0,0,0,1,0,0,1,0,0,0,1,0,0,1,0,1
381,2,53,27.0,4.0,12.0,122.6727888800231,0,1,0,0,0,0,1,0,0,0,1,0,1,0,0,0
382,4,25,39.0,3.0,11.0,1.0,0,1,0,0,0,1,0,0,0,1,0,0,0,0,1,0
383,1,48,36.8265249,4.955624717,6.0,12.0,1,0,0,0,0,1,0,0,0,0,1,0,1,0,0,1
384,1,13,19.0,1.0,5.0,49.0,1,0,0,0,0,1,0,0,0,0,1,0,0,1,0,0
385,2,12,28.35749519,3.003976436,2.0,195.0,0,1,0,0,0,0,1,0,0,0,1,0,1,0,0,0
386,1,21,57.0,3.0,9.0,13.0,1,0,0,0,0,1,0,0,0,1,0,0,0,1,0,0
387,2,10,29.0,5.0,2.0,686.0,0,0,0,0,1,0,0,1,0,1,0,0,0,0,1,0
388,1,44,48.0,5.0,6.0,14.0,0,1,0,0,0,1,0,0,1,0,0,0,0,1,0,1
389,1,13,66.0,5.0,5.0,12.0,0,1,0,0,0,1,0,0,1,0,0,0,1,0,0,0
390,2,6,36.0,1.0,5.0,242.0,0,0,0,1,0,0,0,1,0,0,0,1,0,0,1,2
391,1,4,51.0,2.0,2.0,14.0,0,1,0,0,0,1,0,0,1,0,0,0,0,0,1,2
392,1,1,38.0,4.0,1.0,12.0,0,1,0,0,0,0,0,1,0,1,0,0,0,0,1,2
393,1,17,32.0,4.0,6.0,12.0,0,0,1,0,0,1,0,0,0,1,0,0,0,1,0,0
394,1,6,19.0,2.0,2.0,9.0,1,0,0,0,0,0,0,1,0,0,0,1,0,0,1,0
395,1,25,54.0,4.0,9.0,10.0,0,0,0,0,1,1,0,0,0,0,0,1,0,1,0,0
396,2,4,40.0,5.0,2.0,137.0,0,0,0,0,1,0,1,0,0,0,0,1,0,1,0,2
397,2,57,19.0,3.0,15.0,142.0,1,0,0,0,0,0,0,1,0,0,1,0,0,0,1,0
398,2,10,34.0,5.0,2.0,659.0,0,0,0,0,1,0,0,1,0,0,0,1,0,0,1,0
399,1,4,52.55348955,3.252141421,1.0,12.0,1,0,0,0,0,1,0,0,1,0,0,0,0,1,0,0
400,1,3,67.0,5.0,1.0,12.0,0,0,0,0,1,0,0,1,0,0,0,1,1,0,0,0
401,2,62,28.0,1.0,17.0,115.0,0,0,0,0,1,0,0,1,0,1,0,0,0,1,0,0
402,2,18,25.0,1.0,5.0,76.0,0,0,1,0,0,0,1,0,0,0,0,1,0,0,1,1
403,2,19,56.0,2.0,6.0,32.0,0,0,1,0,0,0,1,0,0,0,1,0,0,0,1,0
404,2,12,53.0,4.0,4.0,268.0,0,1,0,0,0,0,0,1,0,0,0,1,1,0,0,1
405,2,11,56.0,3.0,6.0,106.0,0,0,0,1,0,1,0,0,1,0,0,0,0,1,0,2
406,2,13,19.0,4.0,2.0,218.0,0,0,0,1,0,0,1,0,1,0,0,0,0,0,1,0
407,6,69,67.0,3.0,24.0,2.0,0,0,1,0,0,1,0,0,0,1,0,0,0,0,1,0
408,1,5,64.0,2.0,3.0,11.0,0,0,1,0,0,1,0,0,0,0,1,0,0,0,1,2
409,2,8,8.789757825,4.983232386,4.0,170.0,0,0,0,0,1,0,0,1,0,1,0,0,0,0,1,2
410,1,6,30.0,3.0,2.0,12.0,0,1,0,0,0,1,0,0,0,0,0,1,0,0,1,0
411,2,10,50.0,5.0,2.0,725.0,0,0,0,0,1,0,0,1,1,0,0,0,1,0,0,0
412,1,52,58.0,3.0,5.0,11.0,0,0,1,0,0,0,0,1,1,0,0,0,1,0,0,1
413,2,20,30.0,2.0,7.0,93.0,0,0,0,1,0,0,1,0,1,0,0,0,1,0,0,1
414,1,18,67.0,5.0,3.0,11.0,0,0,0,0,1,0,1,0,0,1,0,0,0,0,1,0
415,2,51,33.0,3.0,18.0,316.0,0,1,0,0,0,1,0,0,0,0,0,1,1,0,0,0
416,2,30,30.0,4.0,4.0,277.0,0,0,0,0,1,0,1,0,0,0,1,0,1,0,0,1
417,2,30,60.0,1.0,11.0,115.0,1,0,0,0,0,0,0,1,0,0,1,0,1,0,0,1
418,2,2,31.0,1.0,2.0,928.0,1,0,0,0,0,1,0,0,0,1,0,0,1,0,0,2
419,1,6,32.0,3.0,3.0,11.0,0,0,0,1,0,1,0,0,0,0,1,0,1,0,0,0
420,1,3,65.0,1.0,3.0,11.0,1,0,0,0,0,1,0,0,1,0,0,0,1,0,0,2
421,2,6,56.0,1.0,6.0,120.56238767153043,1,0,0,0,0,1,0,0,0,0,0,1,1,0,0,2
422,2,4,67.0,1.0,2.0,141.0,0,0,0,1,0,0,0,1,0,1,0,0,0,0,1,2
423,2,2,23.68230899,3.465958186,2.0,2.0,0,0,1,0,0,0,1,0,0,1,0,0,0,0,1,2
424,3,25,68.0,5.0,5.0,462.0,0,0,1,0,0,0,0,1,1,0,0,0,0,1,0,1
425,6,123,45.0,4.0,6.0,3.0,0,0,0,0,1,0,1,0,1,0,0,0,0,1,0,0
426,2,29,58.0,4.0,6.0,513.0,0,0,1,0,0,0,0,1,1,0,0,0,1,0,0,1
427,3,52,21.0,1.0,10.0,257.0,0,0,0,0,1,1,0,0,0,0,1,0,0,1,0,1
428,1,51,28.0,3.0,7.0,11.0,0,0,0,1,0,0,1,0,0,0,1,0,0,1,0,1
429,2,4,36.0,5.0,2.0,16.0,0,0,1,0,0,0,0,1,1,0,0,0,1,0,0,0
430,2,20,33.26661065,-0.287920128,4.0,152.0,1,0,0,0,0,0,1,0,0,1,0,0,0,1,0,1
431,5,5,52.0,3.0,4.0,2.0,0,0,1,0,0,1,0,0,0,0,1,0,1,0,0,2
432,4,24,39.91491866,3.408137522,12.0,1.169,0,1,0,0,0,1,0,0,0,0,0,1,1,0,0,0
433,6,65,31.0,1.0,26.0,2.0,0,0,1,0,0,0,0,1,0,0,1,0,0,0,1,0
434,2,4,23.0,4.0,2.0,16.0,0,1,0,0,0,1,0,0,0,0,0,1,1,0,0,0
435,1,48,23.0,1.0,5.0,9.0,1,0,0,0,0,0,0,1,0,0,0,1,1,0,0,1
436,1,25,26.0,3.0,9.0,14.0,0,0,1,0,0,1,0,0,0,0,0,1,1,0,0,0
437,1,29,31.0,5.0,9.0,13.0,0,0,1,0,0,0,1,0,0,0,0,1,0,1,0,0
438,1,1,20.0,5.0,1.0,13.0,0,0,0,1,0,0,1,0,1,0,0,0,0,0,1,2
439,2,48,30.0,4.0,11.0,11.0,0,0,1,0,0,0,0,1,0,0,0,1,0,1,0,1
440,1,2,53.84977497,3.454022955,2.0,12.0,0,0,1,0,0,0,1,0,0,1,0,0,1,0,0,2
441,1,4,42.0,3.0,2.0,10.0,0,0,0,0,1,0,1,0,0,0,1,0,1,0,0,2
442,5,5,68.0,1.0,5.0,206.52147711312395,0,1,0,0,0,0,1,0,1,0,0,0,0,1,0,2
443,4,162,65.0,3.0,6.0,2.0,1,0,0,0,0,0,0,1,0,0,1,0,0,1,0,0
444,1,15,20.0,2.0,5.0,56.0,0,0,0,1,0,0,0,1,0,1,0,0,1,0,0,0
445,1,7,18.0,3.0,5.0,13.0,0,0,0,1,0,0,1,0,0,1,0,0,0,1,0,0
446,1,2,55.0,3.0,2.0,13.0,0,0,1,0,0,1,0,0,0,1,0,0,0,0,1,2
447,1,10,38.0,4.0,2.0,13.0,0,1,0,0,0,0,0,1,0,0,0,1,0,0,1,0
448,1,19,38.0,5.0,3.0,12.0,1,0,0,0,0,0,0,1,1,0,0,0,0,0,1,1
449,2,18,53.0,4.0,5.0,1.0,0,1,0,0,0,0,1,0,0,0,0,1,0,0,1,1
450,2,23,27.0,1.0,13.0,154.0,0,1,0,0,0,1,0,0,0,1,0,0,1,0,0,0
451,1,6,63.0,3.0,2.0,11.0,0,1,0,0,0,0,1,0,0,0,1,0,1,0,0,0
452,1,3,53.0,3.0,3.0,13.0,0,0,0,0,1,1,0,0,0,0,0,1,0,0,1,2
453,3,22,39.0,5.0,12.0,481.0,0,0,0,0,1,1,0,0,0,0,1,0,0,1,0,0
454,1,10,49.31427337,2.842979737,2.0,11.0,0,0,1,0,0,1,0,0,0,1,0,0,1,0,0,0
455,2,30,53.0,4.0,7.0,398.0,0,0,1,0,0,0,0,1,0,0,1,0,1,0,0,1
456,2,2,43.0,4.0,2.0,818.0,1,0,0,0,0,0,0,1,0,1,0,0,0,0,1,2
457,3,72,32.0,3.0,16.0,728.0,0,0,1,0,0,0,0,1,0,1,0,0,0,0,1,1
458,5,15,67.16510874,2.326918835,15.0,798.0,0,1,0,0,0,0,0,1,1,0,0,0,1,0,0,2
459,1,6,47.0,4.0,2.0,12.0,0,0,1,0,0,0,1,0,0,0,1,0,1,0,0,0
460,2,6,58.0,4.0,2.0,79.0,0,0,0,1,0,0,0,1,0,0,0,1,1,0,0,0
461,1,46,26.0,5.0,5.0,13.0,0,1,0,0,0,1,0,0,0,0,0,1,0,1,0,1
462,10,39,45.0,3.0,18.0,3.0,1,0,0,0,0,0,0,1,0,0,0,1,0,0,1,0
463,2,18,45.66029671,3.261553464,6.0,1.294,0,0,0,1,0,1,0,0,1,0,0,0,0,0,1,1
464,2,59,23.0,3.0,18.0,159.44706381558635,1,0,0,0,0,0,1,0,1,0,0,0,1,0,0,0
465,2,31,66.0,5.0,14.0,144.0,1,0,0,0,0,0,0,1,1,0,0,0,1,0,0,0
466,1,33,25.0,3.0,10.0,9.0,0,0,1,0,0,0,0,1,1,0,0,0,0,0,1,0
467,2,9,39.0,1.0,4.0,6.0,1,0,0,0,0,0,1,0,0,0,0,1,0,1,0,2
468,1,40,44.44914874,4.156222704,8.0,12.0,0,1,0,0,0,0,0,1,0,0,1,0,0,1,0,0
469,2,34,45.0,3.0,9.0,52.0,0,0,0,0,1,0,0,1,0,0,1,0,0,1,0,1
470,1,2,40.0,4.0,3.0,12.0,0,0,1,0,0,0,1,0,0,0,0,1,1,0,0,2
471,1,6,43.0,2.0,2.0,12.0,0,0,0,0,1,0,0,1,1,0,0,0,0,0,1,2
472,3,20,51.0,1.0,8.0,533.0,0,0,0,0,1,1,0,0,0,0,1,0,0,0,1,0
473,1,2,44.0,3.0,2.0,12.0,1,0,0,0,0,0,0,1,0,0,1,0,1,0,0,2
474,2,27,65.0,5.0,6.0,96.2618350279096,0,0,1,0,0,0,0,1,0,1,0,0,0,0,1,1
475,1,28,17.62365633,2.313224827,7.0,7.0,0,0,1,0,0,0,0,1,0,0,1,0,1,0,0,0
476,1,16,50.0,3.0,5.0,10.0,0,0,0,0,1,0,1,0,0,0,1,0,1,0,0,1
477,4,45,39.0,3.0,18.0,2.0,1,0,0,0,0,1,0,0,0,0,1,0,0,1,0,0
478,1,6,69.0,4.0,3.0,15.0,0,1,0,0,0,0,1,0,0,1,0,0,0,0,1,0
479,1,3,19.0,2.0,3.0,11.0,0,0,0,1,0,0,0,1,1,0,0,0,1,0,0,2
480,5,93,29.0,2.0,14.0,225.0,0,0,0,0,1,0,1,0,0,0,1,0,0,0,1,1
481,1,28,48.65452154,2.794413642,7.0,11.0,0,0,0,0,1,1,0,0,0,1,0,0,1,0,0,0
482,2,64,46.69287517,4.099176611,16.0,116.0,0,1,0,0,0,0,1,0,0,1,0,0,0,0,1,0
483,5,25,30.0,5.0,11.0,1.0,1,0,0,0,0,0,0,1,1,0,0,0,1,0,0,0
484,1,21,42.0,4.0,7.0,12.0,0,0,0,0,1,1,0,0,1,0,0,0,1,0,0,1
485,4,21,65.0,2.0,12.0,640.0,0,0,1,0,0,1,0,0,0,1,0,0,0,1,0,2
486,2,20,34.0,2.0,7.0,72.0,0,0,0,0,1,0,1,0,0,0,0,1,0,1,0,1
487,2,70,39.0,1.0,16.0,124.0,1,0,0,0,0,0,1,0,0,0,1,0,0,1,0,0
488,9,378,43.77847024,1.82184239,6.0,68.0,0,0,0,0,1,0,0,1,0,0,0,1,1,0,0,0
489,1,34,34.0,1.0,6.0,10.0,0,1,0,0,0,0,0,1,1,0,0,0,1,0,0,0
490,1,1,35.0,4.0,1.0,9.0,0,0,1,0,0,1,0,0,0,0,1,0,0,0,1,2
491,5,171,32.0,5.0,23.0,248.0,0,0,0,1,0,0,1,0,0,0,0,1,0,0,1,1
492,2,11,36.0,1.0,2.0,25.0,0,0,0,1,0,0,0,1,0,0,0,1,0,1,0,0
493,1,15,59.0,3.0,6.0,78.67969125272181,0,0,0,0,1,1,0,0,0,0,0,1,0,0,1,0
494,1,43,42.0,1.0,7.0,14.0,0,0,0,0,1,0,0,1,0,0,1,0,0,0,1,0
495,2,100,69.0,1.0,12.0,79.0,0,0,0,1,0,1,0,0,0,0,1,0,0,0,1,1
496,1,3,39.0867889,4.087353493,1.0,13.0,1,0,0,0,0,0,1,0,0,0,0,1,1,0,0,0
497,2,28,20.0,1.0,6.0,536.0,1,0,0,0,0,0,1,0,0,0,1,0,0,1,0,1
498,3,33,60.0,1.0,9.0,79.0,0,0,0,0,1,0,1,0,1,0,0,0,0,1,0,0
499,1,2,32.0,5.0,1.0,13.0,1,0,0,0,0,0,1,0,1,0,0,0,0,0,1,0
500,5,5,43.0,4.0,5.0,2.0,0,0,1,0,0,0,1,0,1,0,0,0,1,0,0,2
501,1,23,31.0,3.0,9.0,13.0,0,0,0,0,1,1,0,0,0,0,0,1,0,1,0,0
502,1,19,40.0,4.0,8.0,11.0,1,0,0,0,0,0,0,1,0,0,0,1,0,0,1,0
503,2,19,55.0,4.0,4.0,53.0,0,0,0,0,1,0,0,1,0,1,0,0,1,0,0,1
504,4,26,35.0,5.0,11.0,617.0,1,0,0,0,0,0,0,1,1,0,0,0,0,1,0,2
505,1,5,33.0,2.0,2.0,13.0,0,1,0,0,0,1,0,0,1,0,0,0,0,0,1,2
506,1,4,23.0,2.0,2.0,11.0,1,0,0,0,0,0,1,0,0,1,0,0,0,1,0,2
507,1,3,52.0,2.0,3.0,11.0,0,0,0,1,0,0,1,0,0,1,0,0,1,0,0,2
508,4,15,64.0,1.0,12.0,816.0,1,0,0,0,0,1,0,0,1,0,0,0,0,0,1,2
509,2,19,47.0,2.0,6.0,28.0,0,0,1,0,0,0,1,0,1,0,0,0,0,0,1,0
510,4,20,46.0,3.0,14.0,1.0,0,0,0,1,0,0,1,0,0,1,0,0,1,0,0,0
511,2,48,46.0,3.0,15.0,51.0,0,0,0,0,1,0,0,1,1,0,0,0,0,1,0,0
512,1,15,14.17113862,2.301045391,5.0,54.0,0,0,1,0,0,1,0,0,0,0,0,1,0,0,1,0
513,5,102,47.0,4.0,6.0,152.2831548762435,0,0,0,1,0,1,0,0,1,0,0,0,1,0,0,0
514,1,6,32.0,1.0,3.0,11.0,0,0,0,1,0,0,0,1,0,1,0,0,1,0,0,2
515,2,47,48.0,4.0,18.0,10.0,0,0,0,0,1,0,1,0,1,0,0,0,1,0,0,0
516,1,24,66.0,4.0,6.0,70.66143038866977,0,1,0,0,0,0,1,0,1,0,0,0,0,1,0,0
517,2,11,43.0,3.0,4.0,20.0,0,0,1,0,0,0,0,1,0,0,0,1,0,0,1,1
518,4,25,57.0,4.0,8.0,326.0,0,0,1,0,0,1,0,0,0,0,1,0,1,0,0,0
519,1,6,19.0,1.0,2.0,13.0,0,0,1,0,0,0,1,0,0,0,0,1,0,0,1,0
520,2,7,21.0,2.0,4.0,1.0,0,0,1,0,0,0,1,0,0,1,0,0,0,1,0,2
521,1,18,47.0,5.0,5.0,10.0,0,0,0,0,1,1,0,0,0,0,0,1,0,0,1,0
522,1,33,48.0,1.0,5.0,69.97415088326659,1,0,0,0,0,0,0,1,0,1,0,0,1,0,0,1
523,1,42,21.0,2.0,4.0,10.0,0,0,1,0,0,1,0,0,1,0,0,0,0,0,1,1
524,2,29,21.0,1.0,11.0,139.084989162312,1,0,0,0,0,1,0,0,1,0,0,0,1,0,0,0
525,1,4,53.0,1.0,2.0,10.0,0,1,0,0,0,1,0,0,0,0,0,1,1,0,0,2
526,1,2,62.0,1.0,2.0,13.0,0,0,0,1,0,0,1,0,0,0,0,1,0,1,0,2
527,3,52,50.0,2.0,6.0,619.0,0,0,0,0,1,0,0,1,1,0,0,0,0,1,0,0
528,7,108,68.0,4.0,6.0,3.0,0,0,0,1,0,0,0,1,0,1,0,0,1,0,0,0
529,2,5,33.0,1.0,2.0,114.0,0,0,0,0,1,0,0,1,0,0,1,0,0,1,0,2
530,2,2,35.0,5.0,2.0,796.0,0,0,0,1,0,1,0,0,0,0,0,1,0,0,1,2
531,1,2,25.0,2.0,2.0,12.0,0,0,1,0,0,1,0,0,0,1,0,0,0,1,0,2
532,1,3,64.0,5.0,3.0,12.0,0,0,0,1,0,1,0,0,0,0,1,0,0,0,1,2
533,1,3,37.0,3.0,2.0,13.0,0,0,1,0,0,0,0,1,0,0,1,0,1,0,0,2
534,2,31,39.0,3.0,10.0,137.0,0,0,1,0,0,0,0,1,0,1,0,0,0,1,0,1
535,1,26,68.0,3.0,8.0,15.0,0,0,0,0,1,0,1,0,0,1,0,0,0,1,0,0
536,1,3,68.0,1.0,3.0,11.0,0,0,1,0,0,0,0,1,0,0,1,0,1,0,0,2
537,2,10,23.0,4.0,6.0,117.0,0,0,1,0,0,1,0,0,0,1,0,0,0,0,1,2
538,1,9,23.0,5.0,2.0,13.0,0,1,0,0,0,0,1,0,0,0,0,1,1,0,0,0
539,1,24,48.36820504,1.829264606,8.0,12.0,0,0,0,1,0,0,1,0,0,1,0,0,1,0,0,0
540,1,23,65.0,4.0,7.0,13.0,0,0,0,1,0,0,0,1,0,0,0,1,0,0,1,0
541,2,19,24.0,4.0,6.0,126.0,1,0,0,0,0,0,1,0,0,1,0,0,0,1,0,1
542,2,25,24.0,5.0,8.0,659.0,0,0,0,1,0,1,0,0,0,0,1,0,1,0,0,1
543,1,24,48.0,2.0,10.0,12.0,0,0,1,0,0,1,0,0,0,0,0,1,1,0,0,0
544,2,12,39.0,2.0,7.0,240.0,0,0,0,0,1,0,1,0,1,0,0,0,1,0,0,2
545,1,1,29.42399059,2.936156479,1.0,13.0,1,0,0,0,0,0,1,0,0,0,1,0,0,0,1,2
546,1,4,69.0,3.0,2.0,13.0,0,0,0,0,1,0,0,1,1,0,0,0,0,0,1,2
547,1,24,45.0,3.0,4.0,14.0,0,1,0,0,0,0,0,1,0,0,0,1,1,0,0,0
548,1,27,42.0,1.0,6.0,8.0,1,0,0,0,0,0,0,1,0,0,0,1,0,0,1,0
549,5,24,26.0,1.0,9.0,1.0,0,0,1,0,0,0,0,1,0,1,0,0,1,0,0,0
550,2,16,26.0,3.0,3.0,90.40694193475699,1,0,0,0,0,0,0,1,0,0,0,1,0,0,1,1
551,5,80,20.37787284,5.431467685,20.0,244.113746472251,0,0,0,0,1,0,1,0,0,0,0,1,1,0,0,0
552,1,24,39.38847376,3.553021363,4.0,12.0,0,1,0,0,0,0,0,1,0,1,0,0,1,0,0,0
553,2,6,44.0,2.0,6.0,117.20762129503078,0,1,0,0,0,0,0,1,0,0,0,1,0,1,0,2
554,4,140,46.0,2.0,22.0,304.0,0,0,0,1,0,0,0,1,0,0,1,0,0,0,1,1
555,1,36,34.39539126,6.065147105,6.0,13.0,0,0,0,0,1,0,0,1,0,0,0,1,1,0,0,1
556,2,36,36.0,5.0,20.0,1.0,1,0,0,0,0,0,1,0,0,1,0,0,0,0,1,0
557,2,6,64.0,1.0,7.0,126.65047181888018,0,0,1,0,0,0,1,0,0,0,1,0,1,0,0,2
558,1,25,32.0,4.0,10.0,12.0,0,0,0,1,0,0,1,0,0,1,0,0,1,0,0,0
559,9,36,18.7459991,1.085542961,18.0,2.695,0,0,0,1,0,0,1,0,0,0,1,0,0,1,0,0
560,2,6,25.0,1.0,2.0,93.0,0,0,0,0,1,0,1,0,0,0,1,0,0,1,0,0
561,1,7,51.0,5.0,3.0,11.0,0,0,0,0,1,0,1,0,0,0,0,1,1,0,0,2
562,1,25,29.0,4.0,7.0,76.23134848184704,0,1,0,0,0,1,0,0,0,0,1,0,0,0,1,1
563,7,89,20.0,3.0,24.0,2.0,0,0,0,1,0,1,0,0,1,0,0,0,0,0,1,0
564,2,2,69.0,2.0,2.0,2.0,1,0,0,0,0,0,1,0,0,1,0,0,1,0,0,2
565,2,16,62.0,4.0,7.0,35.0,0,0,0,1,0,0,0,1,0,0,1,0,1,0,0,0
566,3,64,65.0,3.0,16.0,918.0,0,1,0,0,0,1,0,0,0,0,1,0,1,0,0,1
567,2,18,44.0,4.0,5.0,54.0,0,0,1,0,0,0,0,1,0,0,0,1,0,1,0,1
568,1,2,22.0,1.0,2.0,13.0,0,1,0,0,0,0,1,0,0,0,1,0,0,0,1,2
569,4,24,26.0,5.0,12.0,328.0,0,0,0,1,0,1,0,0,0,0,0,1,0,0,1,2
570,1,4,38.0,4.0,2.0,9.0,0,0,0,1,0,1,0,0,0,0,1,0,0,1,0,2
571,1,14,56.0,1.0,5.0,51.0,1,0,0,0,0,0,1,0,0,0,1,0,1,0,0,0
572,1,2,19.0,3.0,2.0,13.0,0,0,0,1,0,1,0,0,1,0,0,0,1,0,0,2
573,5,49,28.0,3.0,14.0,1.0,0,0,0,0,1,1,0,0,0,0,0,1,0,0,1,0
574,2,13,24.0,4.0,6.0,243.0,0,0,0,0,1,0,0,1,0,1,0,0,0,0,1,2
575,1,6,63.336184,4.057700715,2.0,11.0,0,1,0,0,0,0,0,1,0,0,0,1,1,0,0,0
576,1,6,28.0,4.0,4.0,11.0,0,1,0,0,0,0,1,0,0,0,0,1,1,0,0,2
577,1,23,20.0,1.0,4.0,13.0,0,0,1,0,0,0,1,0,0,0,1,0,1,0,0,0
578,1,2,63.0,1.0,1.0,10.0,0,0,0,0,1,0,0,1,0,0,1,0,0,0,1,2
579,1,15,79.16473021,4.828538615,3.0,11.0,0,0,0,0,1,0,0,1,0,0,0,1,0,1,0,0
580,3,54,36.57158858,1.478533418,9.0,219.0,0,0,0,1,0,1,0,0,0,1,0,0,0,1,0,1
581,2,18,58.0,5.0,6.0,100.92532951546198,0,1,0,0,0,0,0,1,0,1,0,0,1,0,0,1
582,1,26,67.0,4.0,6.0,13.0,0,0,0,1,0,0,1,0,0,0,1,0,0,0,1,0
583,1,4,43.9665505,6.960730584,2.0,11.0,0,1,0,0,0,0,0,1,0,0,0,1,0,1,0,2
584,1,4,38.0,5.0,1.0,12.0,0,0,0,0,1,0,0,1,1,0,0,0,0,1,0,0
585,1,13,22.0,3.0,2.0,14.0,1,0,0,0,0,0,0,1,0,0,0,1,0,1,0,1
586,3,14,58.0,2.0,6.0,112.0,1,0,0,0,0,0,0,1,0,0,0,1,0,1,0,2
587,2,27,42.0,3.0,6.0,519.0,1,0,0,0,0,0,1,0,0,1,0,0,1,0,0,1
588,1,4,25.0,1.0,1.0,9.0,0,0,0,1,0,0,0,1,0,0,1,0,1,0,0,0
589,3,32,56.0,1.0,6.0,451.0,0,0,0,0,1,0,1,0,0,0,0,1,0,1,0,1
590,4,52,21.0,1.0,26.0,2.0,0,0,0,0,1,0,0,1,0,1,0,0,0,0,1,0
591,2,4,46.0,3.0,2.0,129.0,0,0,0,0,1,0,0,1,1,0,0,0,0,0,1,2
592,1,17,49.0,3.0,3.0,13.0,1,0,0,0,0,0,1,0,0,1,0,0,1,0,0,1
593,2,18,29.19649676,4.207468436,6.0,30.0,0,0,0,1,0,1,0,0,1,0,0,0,1,0,0,0
594,4,145,42.0,4.0,26.0,293.0,1,0,0,0,0,1,0,0,0,0,1,0,1,0,0,1
595,1,12,26.0,5.0,5.0,12.0,0,0,1,0,0,1,0,0,0,0,1,0,0,1,0,0
596,1,13,66.0,1.0,4.0,16.0,0,0,1,0,0,1,0,0,0,1,0,0,0,0,1,0
597,1,24,57.0,2.0,4.0,11.0,0,0,1,0,0,1,0,0,0,0,1,0,0,0,1,0
598,2,72,42.0,2.0,17.0,122.0,0,0,1,0,0,0,0,1,1,0,0,0,0,1,0,0
599,1,1,45.0,5.0,1.0,10.0,0,0,1,0,0,0,0,1,0,1,0,0,0,0,1,2
600,2,30,35.0,2.0,11.0,237.0,0,0,0,1,0,0,0,1,0,0,1,0,1,0,0,1
601,3,168,36.0,4.0,6.0,93.0,0,0,0,1,0,0,0,1,0,1,0,0,0,0,1,0
602,3,52,24.0,2.0,9.0,220.0,0,0,1,0,0,1,0,0,0,0,0,1,1,0,0,1
603,1,6,67.0,4.0,3.0,11.0,1,0,0,0,0,0,1,0,0,0,1,0,0,1,0,2
604,2,18,65.0,2.0,6.0,1.0,0,1,0,0,0,1,0,0,1,0,0,0,0,0,1,1
605,1,23,61.0,2.0,5.0,13.0,0,0,0,1,0,0,0,1,0,0,0,1,1,0,0,1
606,2,54,45.57990381,1.901244353,18.0,50.0,0,0,1,0,0,0,0,1,1,0,0,0,1,0,0,0
607,2,30,69.0,2.0,16.0,1.0,0,1,0,0,0,0,1,0,0,0,1,0,1,0,0,0
608,1,1,43.4943217,-1.271788195,1.0,12.0,0,0,0,0,1,1,0,0,0,0,0,1,0,1,0,2
609,2,55,47.0,4.0,20.0,325.0,0,0,0,0,1,0,0,1,0,1,0,0,0,0,1,0
610,2,5,19.0,3.0,5.0,22.0,0,0,1,0,0,0,0,1,1,0,0,0,1,0,0,2
611,1,29,51.0,2.0,7.0,13.0,1,0,0,0,0,1,0,0,0,0,0,1,0,0,1,1
612,1,6,55.0,2.0,3.0,12.0,0,1,0,0,0,0,0,1,0,1,0,0,0,0,1,0
613,5,14,29.0,4.0,16.0,783.0,0,0,0,1,0,1,0,0,0,0,0,1,0,1,0,2
614,1,7,41.0,2.0,3.0,11.0,0,0,0,1,0,1,0,0,0,0,0,1,1,0,0,2
615,1,2,36.0,3.0,1.0,10.0,0,1,0,0,0,0,0,1,1,0,0,0,0,0,1,2
616,1,18,41.86921387,4.856000321,3.0,13.0,0,0,1,0,0,0,0,1,1,0,0,0,1,0,0,1
617,1,13,63.0,4.0,3.0,11.0,0,0,0,0,1,0,0,1,1,0,0,0,0,0,1,1
618,1,3,59.0,1.0,3.0,11.0,0,0,0,1,0,1,0,0,1,0,0,0,0,1,0,2
619,2,11,41.0,4.0,7.0,139.0,0,0,0,0,1,1,0,0,0,0,0,1,1,0,0,2
620,1,16,67.0,3.0,3.0,14.0,0,0,0,1,0,0,1,0,0,0,0,1,1,0,0,1
621,1,7,62.0,1.0,2.0,9.0,1,0,0,0,0,1,0,0,0,1,0,0,1,0,0,0
622,1,45,49.0,4.0,6.0,13.0,0,1,0,0,0,1,0,0,1,0,0,0,1,0,0,0
623,1,17,30.0,1.0,6.0,14.0,0,0,0,1,0,0,0,1,0,1,0,0,0,0,1,1
624,1,20,67.0,2.0,3.0,13.0,0,1,0,0,0,0,1,0,0,0,1,0,1,0,0,0
625,1,5,22.0,1.0,3.0,12.0,0,1,0,0,0,1,0,0,0,1,0,0,0,1,0,2
626,2,59,67.0,5.0,21.0,317.0,0,1,0,0,0,0,1,0,0,1,0,0,1,0,0,0
627,1,2,51.0,5.0,1.0,12.0,0,0,1,0,0,0,0,1,1,0,0,0,0,1,0,0
628,2,28,22.0,2.0,13.0,162.0,1,0,0,0,0,0,0,1,0,0,0,1,0,0,1,0
629,2,15,37.0,3.0,6.0,129.0,0,0,0,1,0,0,0,1,0,0,0,1,1,0,0,1
630,2,30,31.0,4.0,14.0,163.0,0,0,0,0,1,1,0,0,0,0,1,0,0,1,0,0
631,1,1,39.01900585,3.201483042,1.0,12.0,1,0,0,0,0,0,1,0,0,0,0,1,0,1,0,2
632,1,6,38.0,1.0,3.0,11.0,1,0,0,0,0,0,0,1,0,0,1,0,0,1,0,0
633,2,13,69.0,3.0,2.0,182.0,0,0,0,1,0,0,1,0,0,0,0,1,0,0,1,0
634,1,26,38.0,3.0,7.0,292.0,0,0,0,0,1,1,0,0,0,0,0,1,0,1,0,0
635,2,18,58.45665293,0.06649307,6.0,74.0,0,0,0,1,0,1,0,0,0,0,1,0,0,0,1,1
636,1,12,42.0,3.0,4.0,13.0,0,0,0,1,0,1,0,0,0,1,0,0,0,0,1,0
637,1,6,43.6678271,3.664762154,3.0,12.0,1,0,0,0,0,1,0,0,0,1,0,0,1,0,0,2
638,1,5,39.0,4.0,2.0,16.0,1,0,0,0,0,1,0,0,0,0,0,1,1,0,0,2
639,3,138,49.0,3.0,26.0,85.0,0,1,0,0,0,1,0,0,1,0,0,0,0,0,1,0
640,1,43,21.0,5.0,8.0,11.0,1,0,0,0,0,1,0,0,0,0,1,0,0,0,1,0
641,1,24,44.86972611,1.769589152,6.0,12.0,0,0,0,1,0,1,0,0,1,0,0,0,0,0,1,1
642,6,16,60.0,4.0,12.0,141.0,1,0,0,0,0,0,0,1,0,0,1,0,1,0,0,2
643,1,41,42.0,5.0,7.0,64.58592523858758,0,0,1,0,0,1,0,0,0,0,0,1,0,0,1,0
644,2,4,38.0,4.0,2.0,16.0,0,0,1,0,0,1,0,0,0,0,0,1,1,0,0,0
645,1,24,8.058456222,4.306542669,6.0,12.0,0,0,1,0,0,1,0,0,1,0,0,0,1,0,0,1
646,1,18,37.0,2.0,2.0,13.0,0,1,0,0,0,1,0,0,0,0,0,1,0,1,0,1
647,1,9,31.0,2.0,2.0,10.0,0,0,0,1,0,1,0,0,0,0,1,0,1,0,0,0
648,1,24,27.0,3.0,6.0,13.0,0,0,1,0,0,0,1,0,0,0,0,1,1,0,0,1
649,1,4,18.0,4.0,1.0,11.0,0,0,0,0,1,0,0,1,0,1,0,0,1,0,0,0
650,2,7,54.0,5.0,6.0,184.0,0,0,0,1,0,1,0,0,0,1,0,0,0,0,1,2
651,4,49,42.0,3.0,6.0,2.0,0,0,0,0,1,0,0,1,0,0,1,0,1,0,0,0
652,3,175,63.0,5.0,20.0,87.0,0,0,0,0,1,1,0,0,1,0,0,0,0,0,1,1
653,1,14,52.0,1.0,6.0,12.0,0,1,0,0,0,0,1,0,0,1,0,0,0,0,1,0
654,1,1,36.88399305,4.394274735,1.0,9.0,1,0,0,0,0,1,0,0,0,0,0,1,1,0,0,2
655,3,63,65.9129138,4.91675018,21.0,20.0,0,0,0,0,1,0,0,1,0,1,0,0,0,0,1,0
656,2,12,23.0,1.0,2.0,211.0,0,1,0,0,0,0,1,0,0,0,1,0,1,0,0,0
657,1,3,58.0,1.0,3.0,12.0,1,0,0,0,0,1,0,0,1,0,0,0,0,1,0,2
658,1,2,33.76520585,4.231025867,2.0,12.0,0,0,0,0,1,1,0,0,0,0,1,0,1,0,0,2
659,1,14,44.0,5.0,6.0,13.0,0,0,0,1,0,0,0,1,0,1,0,0,0,1,0,0
660,2,13,36.0,5.0,6.0,219.0,0,0,0,1,0,0,0,1,0,0,0,1,0,0,1,2
661,1,11,61.0,3.0,2.0,11.0,0,0,0,1,0,0,1,0,0,0,1,0,1,0,0,0
662,2,5,54.0,1.0,2.0,108.0,1,0,0,0,0,0,1,0,0,0,0,1,1,0,0,2
663,2,35,21.0,3.0,10.0,134.0,0,0,0,0,1,0,0,1,0,0,0,1,1,0,0,1
664,2,129,48.0,5.0,19.0,2.0,0,0,0,1,0,0,0,1,0,0,0,1,0,1,0,0
665,1,42,32.75769221,0.987278238,7.0,13.0,0,0,0,0,1,0,1,0,1,0,0,0,1,0,0,0
666,2,9,68.0,4.0,4.0,1.0,0,0,0,1,0,0,0,1,0,0,1,0,1,0,0,2
667,1,4,26.0,3.0,2.0,11.0,0,0,0,1,0,0,0,1,0,0,0,1,1,0,0,2
668,1,19,30.0,2.0,3.0,12.0,0,0,1,0,0,0,1,0,0,0,0,1,0,1,0,0
669,1,40,43.33428785,1.527036158,5.0,11.0,0,0,0,1,0,1,0,0,0,1,0,0,0,1,0,1
670,2,60,24.86066337,3.409952587,12.0,230.0,0,0,0,0,1,1,0,0,0,0,1,0,1,0,0,0
671,1,3,41.0,5.0,2.0,12.0,1,0,0,0,0,0,1,0,0,0,1,0,0,1,0,2
672,1,15,60.0,1.0,3.0,67.12497156367185,0,0,0,0,1,1,0,0,0,0,0,1,0,0,1,0
673,2,32,70.23571415,2.120857059,8.0,49.0,0,0,1,0,0,0,1,0,0,0,1,0,1,0,0,1
674,6,71,65.0,4.0,24.0,2.0,0,1,0,0,0,1,0,0,1,0,0,0,0,0,1,0
675,1,6,43.80108472,0.281677237,3.0,11.0,0,0,1,0,0,1,0,0,1,0,0,0,0,1,0,2
676,2,67,45.0,1.0,13.0,276.0,0,0,1,0,0,0,0,1,0,0,0,1,0,1,0,0
677,1,3,51.0,5.0,3.0,11.0,0,0,1,0,0,1,0,0,1,0,0,0,0,0,1,2
678,4,56,52.0,2.0,6.0,1.0,0,0,0,0,1,0,1,0,1,0,0,0,0,1,0,0
679,2,11,62.0,3.0,6.0,94.0,0,0,0,1,0,0,1,0,0,0,1,0,1,0,0,2
680,1,27,65.0,2.0,6.0,610.0,0,1,0,0,0,1,0,0,0,0,0,1,0,1,0,1
681,2,11,69.0,4.0,4.0,20.0,0,0,0,1,0,1,0,0,0,0,1,0,0,1,0,1
682,1,47,37.0,1.0,5.0,14.0,0,1,0,0,0,1,0,0,0,0,0,1,0,1,0,1
683,1,6,45.41313782,3.18360615,3.0,12.0,0,1,0,0,0,0,1,0,0,0,1,0,1,0,0,2
684,1,15,18.0,3.0,4.0,13.0,0,0,1,0,0,0,0,1,1,0,0,0,1,0,0,1
685,2,5,51.0,2.0,4.0,73.0,0,0,0,1,0,1,0,0,0,0,1,0,0,0,1,2
686,2,13,30.0,5.0,7.0,116.0,0,0,1,0,0,0,1,0,0,1,0,0,1,0,0,2
687,2,4,42.0,5.0,2.0,16.0,0,0,0,1,0,0,0,1,0,1,0,0,1,0,0,0
688,2,7,48.0,5.0,4.0,1.0,1,0,0,0,0,0,0,1,1,0,0,0,0,1,0,2
689,2,18,27.0,3.0,4.0,344.0,0,0,0,1,0,0,1,0,0,1,0,0,0,1,0,1
690,2,54,27.90376639,3.438875584,18.0,10.0,0,0,0,0,1,0,0,1,0,1,0,0,0,1,0,0
691,2,4,28.0,5.0,2.0,17.0,0,0,1,0,0,1,0,0,0,1,0,0,1,0,0,0
692,1,18,47.0,2.0,3.0,13.0,0,0,0,1,0,0,1,0,0,0,1,0,0,0,1,1
693,1,9,51.0,1.0,2.0,12.0,1,0,0,0,0,1,0,0,0,0,0,1,1,0,0,0
694,1,3,60.0,2.0,3.0,11.0,0,0,1,0,0,1,0,0,0,0,0,1,0,0,1,2
695,5,7,28.0,1.0,5.0,1.0,1,0,0,0,0,0,1,0,0,1,0,0,1,0,0,2
696,1,21,30.0,5.0,4.0,11.0,0,0,0,0,1,1,0,0,1,0,0,0,0,0,1,0
697,2,45,38.0,4.0,17.0,286.0,0,0,0,1,0,0,1,0,1,0,0,0,0,1,0,0
698,1,20,52.0,2.0,5.0,73.35554321100926,1,0,0,0,0,1,0,0,1,0,0,0,1,0,0,0
699,2,28,35.0,4.0,4.0,304.0,0,0,0,0,1,1,0,0,1,0,0,0,1,0,0,1
700,1,6,36.0,2.0,2.0,11.0,1,0,0,0,0,0,1,0,0,1,0,0,0,1,0,0
701,1,45,31.0,5.0,6.0,12.0,0,1,0,0,0,0,1,0,0,0,0,1,0,1,0,1
702,2,36,48.37115242,5.098500696,12.0,14.0,1,0,0,0,0,0,1,0,0,1,0,0,1,0,0,0
703,2,8,31.0,2.0,4.0,1.0,0,0,0,1,0,0,0,1,0,0,0,1,1,0,0,2
704,1,21,59.0,5.0,4.0,12.0,0,0,0,1,0,0,1,0,1,0,0,0,0,0,1,0
705,1,15,37.0,2.0,2.0,13.0,0,0,0,0,1,0,0,1,0,0,0,1,0,0,1,1
706,1,14,39.0,4.0,7.0,12.0,1,0,0,0,0,0,1,0,1,0,0,0,0,1,0,0
707,2,6,44.60644383,4.125124751,2.0,85.0,0,1,0,0,0,1,0,0,0,0,0,1,1,0,0,0
708,1,3,46.0,2.0,1.0,13.0,0,1,0,0,0,0,1,0,0,0,1,0,1,0,0,0
709,1,6,61.39424592,6.454114016,2.0,12.0,1,0,0,0,0,0,1,0,0,0,1,0,0,1,0,0
710,2,17,19.0,5.0,6.0,101.44349556963446,0,0,1,0,0,0,1,0,1,0,0,0,1,0,0,1
711,2,31,58.0,2.0,7.0,41.0,0,0,1,0,0,0,0,1,0,1,0,0,0,1,0,1
712,1,9,19.0,5.0,4.0,13.0,0,1,0,0,0,0,0,1,0,0,1,0,0,1,0,0
713,4,26,31.0,2.0,12.0,1.0,0,0,0,1,0,0,1,0,0,1,0,0,0,1,0,0
714,1,4,68.0,4.0,2.0,9.0,0,1,0,0,0,1,0,0,1,0,0,0,1,0,0,2
715,1,16,65.0,3.0,9.0,96.42577764059858,0,0,1,0,0,0,1,0,0,1,0,0,0,0,1,0
716,1,7,61.0,3.0,4.0,14.0,0,0,1,0,0,0,0,1,0,0,0,1,1,0,0,0
717,1,7,67.0,5.0,2.0,9.0,0,0,1,0,0,0,0,1,0,0,0,1,0,1,0,0
718,2,69,39.0,4.0,17.0,33.0,0,0,0,0,1,0,0,1,0,0,1,0,0,0,1,0
719,1,3,50.0,3.0,1.0,15.0,0,0,0,1,0,1,0,0,0,0,1,0,1,0,0,0
720,2,12,50.0,1.0,4.0,20.0,0,0,0,1,0,0,0,1,0,1,0,0,1,0,0,1
721,1,24,51.0,4.0,4.0,11.0,0,0,1,0,0,1,0,0,0,0,1,0,0,1,0,0
722,1,2,67.0,1.0,1.0,12.0,0,0,0,0,1,0,1,0,0,0,1,0,0,0,1,2
723,2,12,45.23216841,-0.553438246,6.0,162.0,1,0,0,0,0,0,1,0,0,1,0,0,1,0,0,2
724,6,15,35.0,1.0,14.0,759.0,1,0,0,0,0,0,0,1,0,0,1,0,0,0,1,2
725,2,8,43.0,3.0,5.0,180.0,0,1,0,0,0,0,1,0,0,1,0,0,1,0,0,2
726,1,46,57.0,2.0,5.0,10.0,0,1,0,0,0,1,0,0,0,0,0,1,1,0,0,1
727,1,42,51.97713087,3.114049789,7.0,12.0,1,0,0,0,0,0,1,0,0,1,0,0,0,0,1,0
728,1,14,21.0,3.0,5.0,11.0,0,0,1,0,0,1,0,0,0,1,0,0,0,0,1,0
729,1,12,46.74373428,3.254046811,3.0,11.0,0,1,0,0,0,0,1,0,1,0,0,0,0,1,0,0
730,2,10,40.0,5.0,2.0,637.0,0,0,0,1,0,1,0,0,0,0,0,1,0,0,1,0
731,2,63,68.0,2.0,16.0,9.0,0,0,0,0,1,0,0,1,0,1,0,0,0,0,1,0
732,3,54,63.44680029,3.297681194,18.0,848.0,0,0,0,0,1,0,0,1,0,0,1,0,0,0,1,1
733,2,23,42.0,3.0,6.0,22.0,0,0,1,0,0,0,0,1,1,0,0,0,0,1,0,0
734,2,23,30.0,3.0,7.0,25.0,0,0,0,1,0,0,1,0,0,1,0,0,0,0,1,0
735,1,6,64.0,3.0,3.0,10.0,0,0,0,1,0,0,1,0,1,0,0,0,1,0,0,2
736,5,5,55.1476622,2.298390793,5.0,2.091,1,0,0,0,0,0,1,0,1,0,0,0,0,0,1,2
737,6,70,68.0,2.0,21.0,2.0,0,0,0,1,0,0,0,1,0,1,0,0,1,0,0,0
738,1,11,60.0,5.0,2.0,12.0,1,0,0,0,0,1,0,0,1,0,0,0,1,0,0,0
739,2,8,48.67581821,2.338680329,4.0,1.105,0,0,0,1,0,1,0,0,1,0,0,0,0,0,1,2
740,1,26,22.0,3.0,6.0,11.0,0,0,0,1,0,1,0,0,0,1,0,0,1,0,0,0
741,1,11,39.0,5.0,4.0,61.866654421712944,0,0,0,0,1,0,1,0,1,0,0,0,1,0,0,1
742,5,82,55.0,2.0,6.0,1.0,0,0,1,0,0,0,1,0,0,1,0,0,1,0,0,0
743,2,19,49.0,1.0,7.0,30.0,1,0,0,0,0,0,0,1,0,0,1,0,1,0,0,0
744,3,50,68.0,3.0,10.0,234.0,0,1,0,0,0,0,1,0,1,0,0,0,0,1,0,1
745,5,20,54.0,1.0,12.0,126.0,0,0,1,0,0,0,1,0,0,1,0,0,0,1,0,2
746,2,24,31.0,3.0,4.0,58.0,0,1,0,0,0,1,0,0,1,0,0,0,1,0,0,1
747,1,1,24.0,3.0,1.0,12.0,0,1,0,0,0,1,0,0,0,0,1,0,1,0,0,2
748,1,6,50.0,1.0,3.0,71.78846605122423,0,0,1,0,0,1,0,0,0,0,1,0,1,0,0,2
749,4,64,31.0,5.0,6.0,1.0,0,1,0,0,0,1,0,0,1,0,0,0,0,1,0,0
750,1,23,54.0,2.0,4.0,14.0,0,0,0,1,0,0,1,0,1,0,0,0,1,0,0,0
751,5,17,66.0,3.0,10.0,117.0,0,0,0,0,1,1,0,0,0,1,0,0,1,0,0,2
752,1,2,50.0,1.0,2.0,10.0,0,1,0,0,0,0,1,0,0,1,0,0,0,0,1,2
753,2,61,22.0,1.0,20.0,43.0,0,1,0,0,0,0,1,0,0,0,1,0,0,1,0,0
754,1,16,37.0,2.0,2.0,14.0,0,1,0,0,0,1,0,0,0,0,1,0,0,1,0,1
755,4,55,42.0,3.0,6.0,2.0,0,0,0,0,1,1,0,0,0,0,1,0,0,1,0,0
756,2,59,59.0,1.0,19.0,334.0,1,0,0,0,0,1,0,0,0,1,0,0,1,0,0,0
757,4,13,29.0,5.0,14.0,732.0,0,1,0,0,0,0,1,0,0,0,1,0,0,1,0,2
758,1,28,63.0,1.0,8.0,11.0,0,0,1,0,0,0,0,1,0,0,0,1,0,1,0,0
759,2,30,37.0,2.0,6.0,559.0,0,0,1,0,0,0,1,0,0,1,0,0,0,1,0,1
760,3,141,52.0,3.0,6.0,81.0,0,0,1,0,0,1,0,0,1,0,0,0,0,1,0,0
761,1,11,38.0,4.0,2.0,11.0,0,0,1,0,0,0,0,1,0,1,0,0,1,0,0,0
762,1,39,69.0,5.0,7.0,12.0,0,0,0,1,0,0,0,1,1,0,0,0,0,0,1,0
763,2,11,48.0,5.0,2.0,26.0,0,0,0,0,1,1,0,0,0,0,1,0,0,1,0,0
764,1,26,54.0,1.0,5.0,14.0,0,0,0,1,0,1,0,0,1,0,0,0,0,1,0,0
765,2,20,52.87817031,1.878767141,4.0,51.0,0,0,1,0,0,1,0,0,1,0,0,0,1,0,0,1
766,1,7,25.0,3.0,2.0,11.0,0,0,1,0,0,0,0,1,0,1,0,0,1,0,0,0
767,2,7,43.0,4.0,4.0,1.0,0,0,0,1,0,0,1,0,1,0,0,0,1,0,0,2
768,1,7,30.0,2.0,3.0,67.9155336205521,1,0,0,0,0,1,0,0,0,1,0,0,0,1,0,2
769,1,23,38.0,5.0,6.0,13.0,0,0,0,0,1,1,0,0,1,0,0,0,0,0,1,1
770,2,35,58.0,1.0,18.0,1.0,0,1,0,0,0,0,1,0,0,0,0,1,1,0,0,0
771,2,21,66.0,2.0,5.0,103.34704633509372,0,0,0,1,0,0,1,0,0,0,0,1,0,0,1,1
772,1,1,28.0,5.0,1.0,11.0,0,0,0,0,1,0,1,0,1,0,0,0,1,0,0,2
773,2,44,42.0,4.0,21.0,14.0,0,0,0,1,0,0,1,0,0,0,0,1,0,1,0,0
774,4,141,20.0,2.0,6.0,607.0,0,1,0,0,0,0,1,0,0,1,0,0,1,0,0,0
775,1,13,21.0,3.0,3.0,13.0,0,0,1,0,0,1,0,0,0,0,0,1,0,1,0,0
776,2,67,41.0,4.0,13.0,27.0,0,0,0,0,1,0,1,0,1,0,0,0,0,1,0,0
777,5,16,22.0,2.0,12.0,724.0,1,0,0,0,0,0,0,1,0,0,1,0,0,1,0,2
778,2,39,47.0,3.0,12.0,275.0,0,1,0,0,0,1,0,0,1,0,0,0,1,0,0,1
779,1,19,44.0,5.0,3.0,13.0,0,0,0,1,0,0,0,1,0,0,1,0,0,0,1,0
780,2,6,47.0,3.0,6.0,219.0,0,0,1,0,0,1,0,0,0,1,0,0,1,0,0,2
781,2,12,63.0,2.0,2.0,26.0,0,0,0,0,1,1,0,0,0,0,1,0,0,0,1,0
782,1,12,42.0,3.0,3.0,11.0,0,0,1,0,0,0,1,0,0,0,0,1,0,0,1,0
783,2,29,53.0,4.0,6.0,98.58026929606427,0,0,0,1,0,0,1,0,0,0,0,1,0,1,0,1
784,7,37,42.0,3.0,15.0,3.0,1,0,0,0,0,0,0,1,0,1,0,0,0,1,0,0
785,2,49,28.0,5.0,7.0,34.0,0,0,0,0,1,0,1,0,0,0,1,0,1,0,0,1
786,3,12,69.0,2.0,4.0,228.0,1,0,0,0,0,0,1,0,0,1,0,0,1,0,0,1
787,1,3,21.0,5.0,3.0,11.0,1,0,0,0,0,0,0,1,0,0,0,1,1,0,0,2
788,1,32,46.0,5.0,7.0,12.0,0,0,0,0,1,1,0,0,0,1,0,0,1,0,0,0
789,2,13,45.0,2.0,2.0,24.0,0,0,1,0,0,0,1,0,1,0,0,0,0,1,0,0
790,2,20,45.0,3.0,6.0,108.0,0,0,1,0,0,1,0,0,0,1,0,0,0,1,0,1
791,2,13,62.0,4.0,2.0,82.51858957342505,0,0,1,0,0,1,0,0,1,0,0,0,1,0,0,0
792,3,49,56.0,2.0,18.0,827.0,1,0,0,0,0,0,0,1,0,0,1,0,0,0,1,1
793,3,27,34.0,1.0,14.0,625.0,1,0,0,0,0,0,1,0,1,0,0,0,0,0,1,0
794,4,80,5.913697963,1.433683799,20.0,783.0,0,0,0,0,1,1,0,0,0,0,0,1,0,0,1,0
795,1,4,37.0,1.0,2.0,10.0,0,0,0,1,0,0,0,1,0,0,1,0,0,0,1,2
796,11,398,45.0,5.0,6.0,69.0,0,1,0,0,0,0,0,1,0,0,0,1,0,1,0,0
797,2,24,41.0,1.0,5.0,663.0,0,1,0,0,0,0,0,1,0,0,0,1,1,0,0,1
798,1,6,65.0,5.0,2.0,11.0,0,0,0,1,0,0,1,0,0,1,0,0,0,1,0,2
799,2,58,22.0,1.0,15.0,28.0,0,0,1,0,0,1,0,0,0,0,1,0,0,0,1,0
800,3,47,54.0,4.0,14.0,1.0,0,0,0,0,1,1,0,0,1,0,0,0,1,0,0,0
801,1,12,49.0,5.0,3.0,12.0,0,0,0,0,1,1,0,0,1,0,0,0,0,0,1,1
802,5,165,52.0,5.0,6.0,2.0,0,0,1,0,0,1,0,0,0,0,0,1,1,0,0,0
803,4,23,56.0,3.0,8.0,231.0,0,0,1,0,0,0,1,0,0,0,1,0,1,0,0,0
804,1,18,48.0,5.0,7.0,14.0,1,0,0,0,0,0,0,1,0,0,0,1,0,0,1,1
805,1,11,26.0,2.0,3.0,11.0,0,0,0,0,1,0,1,0,0,1,0,0,1,0,0,1
806,1,38,56.0,4.0,8.0,13.0,0,0,1,0,0,1,0,0,0,1,0,0,0,1,0,0
807,5,5,66.0,3.0,5.0,3.0,0,0,1,0,0,0,0,1,0,1,0,0,1,0,0,2
808,3,36,42.0,3.0,8.0,84.0,0,1,0,0,0,1,0,0,0,0,1,0,0,0,1,0
809,2,19,18.0,5.0,6.0,76.0,0,0,0,0,1,0,1,0,0,0,0,1,0,0,1,1
810,1,12,15.275026,2.267467995,2.0,13.0,0,0,0,1,0,0,1,0,0,0,0,1,0,1,0,0
811,1,16,56.0,4.0,6.0,14.0,0,0,0,0,1,0,0,1,0,1,0,0,1,0,0,1
812,1,24,46.0,5.0,6.0,14.0,0,1,0,0,0,0,1,0,1,0,0,0,1,0,0,0
813,1,18,51.30009476,5.343597637,6.0,12.0,0,0,1,0,0,0,1,0,1,0,0,0,1,0,0,0
814,1,50,33.0,3.0,9.0,10.0,0,0,1,0,0,0,1,0,1,0,0,0,0,0,1,0
815,1,2,23.0,4.0,1.0,13.0,1,0,0,0,0,1,0,0,0,0,1,0,1,0,0,0
816,2,13,43.0,4.0,2.0,195.0,0,0,0,1,0,0,0,1,0,1,0,0,0,1,0,0
817,1,45,21.0,4.0,10.0,13.0,0,0,1,0,0,0,1,0,0,0,1,0,1,0,0,0
818,2,14,52.0,2.0,5.0,100.0,1,0,0,0,0,0,0,1,0,0,1,0,0,0,1,1
819,1,22,34.0,3.0,8.0,15.0,0,0,1,0,0,0,0,1,0,0,1,0,0,1,0,0
820,6,6,38.07796649,4.684995234,6.0,1.401,0,0,0,0,1,0,0,1,0,1,0,0,0,1,0,2
821,4,55,27.0,5.0,19.0,1.0,1,0,0,0,0,0,0,1,1,0,0,0,1,0,0,0
822,5,93,22.0,2.0,6.0,2.0,1,0,0,0,0,0,0,1,1,0,0,0,1,0,0,0
823,6,14,43.0,3.0,15.0,642.0,0,1,0,0,0,0,1,0,0,0,0,1,0,1,0,2
824,2,41,35.0,3.0,11.0,292.0,0,0,0,0,1,0,0,1,0,0,1,0,0,1,0,1
825,1,10,51.0,5.0,3.0,11.0,0,0,0,1,0,0,1,0,0,1,0,0,1,0,0,0
826,1,8,36.17976242,4.132265107,2.0,54.15603213228282,0,1,0,0,0,1,0,0,0,0,1,0,1,0,0,0
827,2,56,32.0,1.0,6.0,94.65408496290607,0,0,0,0,1,1,0,0,1,0,0,0,0,1,0,1
828,2,8,58.0,3.0,4.0,1.0,0,0,0,0,1,1,0,0,0,0,0,1,0,0,1,2
829,2,8,67.0,4.0,4.0,1.0,0,1,0,0,0,0,0,1,0,0,1,0,0,0,1,2
830,2,20,65.0,1.0,7.0,119.39614706046535,0,0,0,0,1,0,0,1,0,1,0,0,0,0,1,1
831,2,4,51.0,3.0,2.0,16.0,0,0,1,0,0,1,0,0,0,0,0,1,0,1,0,0
832,2,29,59.0,3.0,10.0,233.0,0,0,1,0,0,1,0,0,0,0,1,0,0,0,1,1
833,3,58,66.0,2.0,24.0,611.0,1,0,0,0,0,1,0,0,1,0,0,0,0,1,0,0
834,1,23,38.0,5.0,4.0,14.0,0,1,0,0,0,1,0,0,0,1,0,0,1,0,0,0
835,2,12,24.0,1.0,5.0,266.0,0,0,0,0,1,0,1,0,1,0,0,0,0,1,0,2
836,2,60,18.0,4.0,13.0,217.0,0,0,1,0,0,1,0,0,1,0,0,0,0,1,0,0
837,2,68,60.0,4.0,16.0,115.0,0,0,0,0,1,0,1,0,0,1,0,0,0,1,0,0
838,2,25,58.0,3.0,6.0,680.0,0,0,1,0,0,0,0,1,0,0,1,0,1,0,0,1
839,4,85,32.0,3.0,20.0,219.17025305831504,0,0,1,0,0,0,0,1,0,1,0,0,1,0,0,0
840,1,23,55.0,1.0,7.0,12.0,0,1,0,0,0,1,0,0,1,0,0,0,0,0,1,0
841,1,1,52.0,4.0,1.0,11.0,1,0,0,0,0,1,0,0,1,0,0,0,1,0,0,2
842,2,12,35.50185174,1.109362463,2.0,30.0,0,0,0,0,1,0,1,0,0,1,0,0,0,0,1,0
843,1,10,55.0,1.0,3.0,12.0,0,0,0,0,1,1,0,0,0,1,0,0,1,0,0,0
844,1,1,52.0,4.0,1.0,12.0,0,0,1,0,0,1,0,0,0,0,1,0,1,0,0,2
845,1,2,32.0,2.0,2.0,15.0,1,0,0,0,0,0,1,0,0,1,0,0,0,1,0,2
846,2,6,48.0,2.0,6.0,886.0,0,0,1,0,0,1,0,0,0,0,0,1,0,1,0,2
847,2,73,38.0,2.0,16.0,121.0,0,0,1,0,0,1,0,0,0,0,0,1,1,0,0,0
848,3,26,20.0,3.0,10.0,257.0,0,0,0,1,0,0,0,1,0,0,1,0,0,0,1,0
849,2,30,61.06638582,3.393317585,10.0,584.0,0,1,0,0,0,1,0,0,0,0,1,0,1,0,0,0
850,1,8,61.0,1.0,4.0,13.0,0,0,0,0,1,0,0,1,0,0,1,0,1,0,0,0
851,1,1,39.0,3.0,1.0,11.0,0,0,0,1,0,1,0,0,0,0,0,1,1,0,0,2
852,2,83,41.0,3.0,10.0,98.30640533664862,0,1,0,0,0,0,0,1,0,0,1,0,0,1,0,1
853,2,36,67.0,3.0,10.0,51.0,0,0,0,1,0,0,0,1,0,0,1,0,1,0,0,1
854,2,130,65.0,3.0,18.0,2.0,0,0,0,1,0,0,0,1,1,0,0,0,0,0,1,0
855,6,87,48.0,2.0,20.0,1.0,0,1,0,0,0,0,1,0,1,0,0,0,1,0,0,0
856,4,168,32.62697975,4.396122995,6.0,643.0,0,1,0,0,0,0,1,0,0,1,0,0,0,1,0,0
857,1,14,20.0,3.0,5.0,11.0,0,0,1,0,0,0,0,1,0,0,1,0,1,0,0,0
858,5,25,61.0,3.0,11.0,114.0,0,0,0,1,0,0,0,1,0,1,0,0,0,0,1,2
859,5,16,54.0,1.0,18.0,713.0,1,0,0,0,0,1,0,0,0,0,0,1,0,1,0,2
860,2,4,18.0,2.0,2.0,13.0,0,0,0,0,1,0,0,1,0,0,0,1,0,0,1,0
861,1,36,59.0,2.0,7.0,11.0,0,0,0,0,1,0,0,1,1,0,0,0,0,0,1,0
862,2,81,56.0,5.0,11.0,98.0,0,0,1,0,0,0,1,0,0,0,1,0,0,0,1,1
863,3,154,29.0,2.0,21.0,72.0,1,0,0,0,0,0,0,1,0,0,1,0,0,1,0,1
864,6,80,26.0,3.0,6.0,2.0,0,0,0,1,0,0,0,1,0,1,0,0,0,1,0,0
865,2,58,23.0,3.0,17.0,134.0,0,1,0,0,0,0,1,0,0,0,0,1,0,0,1,0
866,2,8,60.0,3.0,4.0,6.0,0,0,1,0,0,0,1,0,1,0,0,0,1,0,0,2
867,1,6,37.0,2.0,2.0,9.0,1,0,0,0,0,1,0,0,0,0,0,1,1,0,0,0
868,1,4,29.0,3.0,2.0,11.0,1,0,0,0,0,1,0,0,0,0,1,0,0,0,1,2
869,1,6,33.0,5.0,3.0,12.0,0,0,0,1,0,1,0,0,0,1,0,0,1,0,0,2
870,1,27,18.0,2.0,6.0,13.0,0,0,0,0,1,0,0,1,0,0,1,0,1,0,0,0
871,1,17,24.0,5.0,3.0,13.0,0,0,1,0,0,0,1,0,0,1,0,0,0,0,1,0
872,2,32,46.0,1.0,10.0,126.0,0,0,1,0,0,0,1,0,1,0,0,0,0,1,0,1
873,1,3,59.59038964,4.552488602,3.0,11.0,0,0,1,0,0,0,1,0,0,1,0,0,0,0,1,2
874,2,64,36.27118972,4.150963002,8.0,92.11418009152166,0,0,0,1,0,1,0,0,1,0,0,0,1,0,0,1
875,2,6,39.0,4.0,2.0,86.14575195263245,0,0,0,1,0,1,0,0,0,1,0,0,0,0,1,0
876,2,4,13.60548324,2.832563615,2.0,133.0,1,0,0,0,0,1,0,0,0,1,0,0,0,1,0,2
877,1,26,58.0,5.0,8.0,13.0,0,0,0,0,1,0,0,1,0,0,1,0,1,0,0,0
878,3,25,22.0,2.0,6.0,464.0,0,1,0,0,0,1,0,0,0,0,1,0,0,0,1,1
879,1,36,59.0,4.0,5.0,12.0,0,1,0,0,0,0,0,1,1,0,0,0,1,0,0,1
880,2,31,37.0,3.0,3.0,331.0,0,0,1,0,0,1,0,0,0,0,0,1,0,1,0,1
881,1,27,19.0,4.0,7.0,75.19501637350206,0,0,0,1,0,0,1,0,0,0,0,1,0,1,0,1
882,1,6,60.30110104,5.271218287,2.0,11.0,0,0,1,0,0,1,0,0,0,0,1,0,0,1,0,0
883,2,54,43.0,1.0,18.0,168.74742683944808,0,1,0,0,0,1,0,0,0,0,1,0,0,1,0,0
884,2,18,30.01473236,4.386897606,6.0,102.98214481220461,1,0,0,0,0,0,1,0,1,0,0,0,1,0,0,1
885,1,14,63.0,3.0,9.0,11.0,1,0,0,0,0,0,0,1,0,0,0,1,1,0,0,0
886,3,12,18.0,3.0,6.0,88.0,0,0,1,0,0,1,0,0,0,1,0,0,0,1,0,2
887,1,4,26.0,2.0,2.0,12.0,0,1,0,0,0,0,1,0,0,0,0,1,0,1,0,2
888,1,26,28.0,1.0,7.0,7.0,0,0,0,1,0,0,0,1,0,0,1,0,0,1,0,0
889,1,4,47.0,2.0,2.0,13.0,0,0,1,0,0,0,0,1,0,0,1,0,0,0,1,2
890,1,28,44.92868058,6.599412122,7.0,13.0,0,0,1,0,0,0,1,0,1,0,0,0,0,0,1,0
891,4,24,69.34659416,3.324854587,12.0,335.0,0,0,0,0,1,1,0,0,0,0,0,1,0,1,0,2
892,3,57,35.0,2.0,16.0,716.0,0,0,0,1,0,1,0,0,0,0,0,1,0,0,1,1
893,2,12,42.0,3.0,2.0,174.0,0,0,1,0,0,1,0,0,0,1,0,0,0,0,1,0
894,1,4,21.0,3.0,2.0,11.0,0,0,1,0,0,0,0,1,0,0,0,1,1,0,0,2
895,1,4,22.0,2.0,1.0,11.0,0,0,0,1,0,0,0,1,0,0,1,0,1,0,0,0
896,1,40,58.0,1.0,8.0,13.0,0,0,0,0,1,0,0,1,0,1,0,0,0,1,0,0
897,2,9,57.0,5.0,4.0,175.0,0,0,0,1,0,0,1,0,0,0,0,1,0,1,0,2
898,2,26,61.0,5.0,6.0,495.0,0,0,1,0,0,0,0,1,0,1,0,0,1,0,0,1
899,1,11,24.0,4.0,4.0,13.0,0,0,0,0,1,0,0,1,1,0,0,0,0,1,0,1
900,3,144,31.31904407,4.230374675,18.0,89.0,0,0,0,1,0,0,0,1,0,0,0,1,1,0,0,1
901,3,22,32.0,5.0,9.0,286.0,1,0,0,0,0,0,0,1,0,0,0,1,0,1,0,0
902,2,21,59.0,4.0,5.0,21.0,0,0,0,0,1,1,0,0,0,0,1,0,0,0,1,0
903,1,21,31.0,3.0,7.0,12.0,0,1,0,0,0,0,1,0,0,0,1,0,1,0,0,1
904,2,13,46.0,2.0,2.0,32.0,0,0,0,0,1,1,0,0,0,0,0,1,1,0,0,0
905,1,30,52.53460676,4.485016535,6.0,13.0,0,0,0,0,1,1,0,0,1,0,0,0,1,0,0,0
906,1,34,18.0,2.0,7.0,13.0,1,0,0,0,0,0,1,0,0,0,1,0,0,1,0,0
907,1,49,49.0,4.0,7.0,13.0,0,0,0,1,0,0,1,0,0,1,0,0,0,1,0,0
908,1,6,23.0,1.0,2.0,10.0,0,0,0,1,0,1,0,0,0,0,0,1,0,1,0,0
909,2,2,59.60891688,2.702844552,2.0,898.0,0,0,1,0,0,0,0,1,1,0,0,0,0,0,1,2
910,1,2,49.0,3.0,3.0,15.0,0,1,0,0,0,1,0,0,0,0,0,1,1,0,0,2
911,3,60,33.0,4.0,6.0,113.02679079497412,0,0,1,0,0,0,1,0,0,0,1,0,0,1,0,0
912,4,27,24.0,2.0,12.0,530.0,0,1,0,0,0,0,0,1,1,0,0,0,0,1,0,2
913,1,18,63.06340186,3.591704324,3.0,12.0,0,1,0,0,0,0,0,1,0,1,0,0,0,1,0,0
914,3,13,61.0,5.0,6.0,116.0,0,1,0,0,0,1,0,0,0,0,0,1,1,0,0,2
915,4,5,25.0,1.0,4.0,2.0,0,0,0,1,0,1,0,0,0,0,1,0,0,1,0,2
916,2,13,35.0,1.0,3.0,16.0,0,0,0,0,1,1,0,0,0,0,1,0,0,1,0,1
917,1,15,41.0,1.0,6.0,12.0,0,1,0,0,0,1,0,0,1,0,0,0,0,0,1,0
918,1,3,64.0,5.0,1.0,16.0,0,1,0,0,0,1,0,0,0,0,0,1,0,1,0,0
919,1,26,20.0,2.0,7.0,14.0,1,0,0,0,0,0,1,0,0,0,1,0,1,0,0,0
920,1,22,64.0,3.0,5.0,11.0,0,0,1,0,0,0,0,1,0,0,1,0,1,0,0,1
921,2,24,47.0,4.0,9.0,602.0,0,0,0,1,0,1,0,0,1,0,0,0,1,0,0,0
922,1,10,25.0,5.0,3.0,56.29673632853568,0,1,0,0,0,1,0,0,0,1,0,0,1,0,0,0
923,2,61,27.0,5.0,12.0,284.0,0,1,0,0,0,1,0,0,0,1,0,0,1,0,0,0
924,2,28,35.07324024,3.507057418,14.0,146.0,0,0,1,0,0,0,0,1,0,0,1,0,0,1,0,0
925,1,7,39.0,4.0,3.0,11.0,0,0,0,1,0,1,0,0,0,1,0,0,1,0,0,2
926,1,3,54.0,2.0,1.0,11.0,0,0,1,0,0,0,0,1,0,0,1,0,1,0,0,0
927,2,52,38.0,4.0,19.0,306.0,1,0,0,0,0,1,0,0,0,0,0,1,0,0,1,0
928,1,31,64.0,2.0,7.0,10.0,1,0,0,0,0,1,0,0,0,1,0,0,0,1,0,0
929,1,3,69.0,1.0,1.0,13.0,0,0,1,0,0,0,1,0,0,0,0,1,1,0,0,0
930,1,20,44.0,4.0,5.0,11.0,0,1,0,0,0,0,1,0,0,0,0,1,0,0,1,1
931,2,32,58.0,5.0,8.0,44.0,0,0,1,0,0,0,0,1,0,0,1,0,0,0,1,1
932,4,139,67.0,3.0,15.0,110.0,0,1,0,0,0,1,0,0,0,1,0,0,0,1,0,1
933,9,386,54.0,3.0,6.0,58.0,0,0,0,1,0,0,1,0,0,1,0,0,0,1,0,0
934,1,31,38.0,3.0,5.0,16.0,0,0,0,1,0,1,0,0,0,0,1,0,0,0,1,0
935,2,4,49.0,2.0,2.0,152.0,0,0,0,1,0,0,1,0,1,0,0,0,0,1,0,2
936,2,28,49.0,4.0,10.0,243.0,0,1,0,0,0,1,0,0,0,0,1,0,1,0,0,1
937,3,12,18.0,4.0,7.0,93.0,0,0,1,0,0,0,1,0,0,0,0,1,1,0,0,2
938,5,101,53.0,1.0,23.0,1.0,0,1,0,0,0,0,1,0,0,0,0,1,0,0,1,0
939,2,8,27.0,1.0,4.0,6.0,0,0,1,0,0,0,1,0,1,0,0,0,0,1,0,2
940,2,30,42.0,1.0,9.0,617.0,0,0,1,0,0,0,1,0,0,0,0,1,1,0,0,0
941,2,12,24.0,3.0,4.0,255.0,0,0,0,1,0,0,0,1,0,0,0,1,1,0,0,1
942,1,29,62.0,4.0,7.0,17.0,0,0,1,0,0,0,1,0,0,1,0,0,0,0,1,0
943,2,96,47.85176685,1.040894911,12.0,93.0,0,0,0,0,1,0,0,1,0,1,0,0,1,0,0,1
944,1,23,27.0,3.0,7.0,12.0,0,1,0,0,0,0,1,0,1,0,0,0,1,0,0,1
945,4,45,43.0,3.0,16.0,1.0,0,0,0,1,0,1,0,0,0,0,0,1,0,1,0,0
946,1,21,60.0,5.0,4.0,13.0,0,0,0,0,1,0,1,0,1,0,0,0,1,0,0,0
947,1,3,43.0,1.0,3.0,12.0,0,1,0,0,0,0,1,0,1,0,0,0,0,1,0,2
948,2,28,75.48759893,2.949427528,4.0,278.0,0,0,0,0,1,0,0,1,0,0,0,1,0,0,1,1
949,1,39,65.0,4.0,6.0,13.0,0,0,0,0,1,0,0,1,0,0,1,0,1,0,0,1
950,1,6,32.0,1.0,3.0,12.0,1,0,0,0,0,1,0,0,0,0,1,0,1,0,0,2
951,1,3,45.0,3.0,3.0,11.0,0,1,0,0,0,1,0,0,1,0,0,0,0,0,1,2
952,3,150,57.0,2.0,26.0,88.0,0,1,0,0,0,0,1,0,0,1,0,0,1,0,0,0
953,1,16,52.0,2.0,4.0,12.0,0,0,0,1,0,0,1,0,0,0,1,0,1,0,0,0
954,1,6,40.0,4.0,3.0,13.0,1,0,0,0,0,0,0,1,0,0,0,1,0,0,1,2
955,1,5,20.0,5.0,3.0,11.0,0,0,0,0,1,1,0,0,0,0,1,0,0,0,1,2
956,8,31,39.0,3.0,19.0,3.0,1,0,0,0,0,1,0,0,0,1,0,0,0,1,0,0
957,1,3,57.7241644,5.604227677,3.0,12.0,0,1,0,0,0,0,0,1,0,0,1,0,1,0,0,2
958,2,7,30.0,5.0,7.0,21.0,0,1,0,0,0,1,0,0,0,0,1,0,0,1,0,2
959,1,6,45.0,1.0,3.0,11.0,0,0,0,1,0,0,1,0,0,0,0,1,0,0,1,0
960,2,30,48.0,4.0,8.0,54.0,0,0,1,0,0,0,0,1,0,0,1,0,0,0,1,1
961,1,2,53.0,2.0,1.0,12.0,0,1,0,0,0,1,0,0,0,0,0,1,1,0,0,0
962,2,54,60.0,1.0,18.0,35.0,0,0,1,0,0,1,0,0,0,0,0,1,0,1,0,0
963,2,67,59.0,2.0,23.0,15.0,0,0,0,1,0,0,0,1,1,0,0,0,0,1,0,0
964,2,48,44.88943448,1.846453356,12.0,257.0,0,1,0,0,0,0,0,1,0,0,0,1,1,0,0,1
965,9,35,33.0,2.0,20.0,3.0,0,0,1,0,0,0,1,0,0,0,0,1,1,0,0,0
966,1,2,68.0,3.0,2.0,11.0,0,1,0,0,0,0,1,0,0,1,0,0,1,0,0,2
967,1,45,24.0,5.0,4.0,11.0,0,1,0,0,0,1,0,0,0,1,0,0,0,0,1,1
968,5,17,65.0,2.0,9.0,123.0,0,0,1,0,0,0,0,1,0,0,1,0,0,1,0,2
969,1,37,28.0,5.0,5.0,13.0,0,0,0,0,1,0,0,1,0,1,0,0,0,1,0,1
970,4,26,57.0,5.0,12.0,557.0,0,0,1,0,0,1,0,0,1,0,0,0,0,0,1,2
971,2,2,61.0,4.0,2.0,2.0,0,1,0,0,0,0,1,0,0,1,0,0,0,0,1,2
972,1,13,65.0,1.0,4.0,11.0,0,0,1,0,0,0,0,1,0,0,0,1,1,0,0,1
973,1,41,56.0,5.0,9.0,12.0,1,0,0,0,0,1,0,0,0,0,1,0,0,0,1,0
974,2,26,24.0,5.0,10.0,152.0,0,0,1,0,0,1,0,0,0,0,0,1,0,0,1,1
975,3,157,45.0,2.0,23.0,88.0,0,0,1,0,0,0,0,1,0,1,0,0,1,0,0,0
976,1,12,68.0,3.0,4.0,14.0,0,0,0,1,0,0,1,0,1,0,0,0,0,0,1,1
977,3,5,59.0,2.0,6.0,773.0,0,0,0,1,0,0,0,1,0,0,1,0,0,1,0,2
978,1,12,52.0,3.0,2.0,12.0,0,1,0,0,0,0,1,0,0,0,1,0,1,0,0,0
979,3,141,44.0,4.0,20.0,92.0,0,0,0,0,1,1,0,0,1,0,0,0,1,0,0,1
980,1,9,46.89760107,0.660957644,3.0,13.0,0,0,1,0,0,1,0,0,0,0,0,1,1,0,0,0
981,3,154,67.0,4.0,6.0,82.0,0,0,0,1,0,0,0,1,0,0,1,0,0,0,1,0
982,3,24,33.25838676,3.060856025,12.0,530.0,0,1,0,0,0,1,0,0,0,0,1,0,0,1,0,0
983,1,14,57.0,3.0,6.0,14.0,0,1,0,0,0,1,0,0,0,1,0,0,0,1,0,1
984,2,18,53.0,4.0,5.0,1.0,0,1,0,0,0,0,1,0,0,0,0,1,0,0,1,1
985,2,49,28.0,5.0,7.0,34.0,0,0,0,0,1,0,1,0,0,0,1,0,1,0,0,1
986,2,30,30.0,4.0,4.0,277.0,0,0,0,0,1,0,1,0,0,0,1,0,1,0,0,1
987,1,53,22.0,3.0,6.0,10.0,0,0,1,0,0,0,1,0,0,0,1,0,0,1,0,1
988,2,18,45.66029671,3.261553464,6.0,1.294,0,0,0,1,0,1,0,0,1,0,0,0,0,0,1,1
989,2,20,63.0,2.0,5.0,51.0,0,1,0,0,0,1,0,0,1,0,0,0,1,0,0,1
990,1,16,56.0,4.0,6.0,14.0,0,0,0,0,1,0,0,1,0,1,0,0,1,0,0,1
991,2,30,18.1517811,3.506863251,10.0,145.0,0,0,0,0,1,1,0,0,1,0,0,0,1,0,0,1
992,2,18,53.0,4.0,5.0,1.0,0,1,0,0,0,0,1,0,0,0,0,1,0,0,1,1
993,2,19,24.0,4.0,6.0,126.0,1,0,0,0,0,0,1,0,0,1,0,0,0,1,0,1
994,1,21,31.0,3.0,7.0,12.0,0,1,0,0,0,0,1,0,0,0,1,0,1,0,0,1
995,2,32,58.0,5.0,8.0,44.0,0,0,1,0,0,0,0,1,0,0,1,0,0,0,1,1
996,3,146,52.0,3.0,19.0,83.0,0,0,0,1,0,0,1,0,0,0,1,0,0,0,1,1
997,1,36,59.0,4.0,5.0,12.0,0,1,0,0,0,0,0,1,1,0,0,0,1,0,0,1
998,1,44,48.0,5.0,6.0,14.0,0,1,0,0,0,1,0,0,1,0,0,0,0,1,0,1
999,2,19,55.0,4.0,4.0,53.0,0,0,0,0,1,0,0,1,0,1,0,0,1,0,0,1
1000,1,48,23.0,1.0,5.0,9.0,1,0,0,0,0,0,0,1,0,0,0,1,1,0,0,1
1001,2,30,53.0,4.0,7.0,398.0,0,0,1,0,0,0,0,1,0,0,1,0,1,0,0,1
1002,3,175,63.0,5.0,20.0,87.0,0,0,0,0,1,1,0,0,1,0,0,0,0,0,1,1
1003,2,18,58.0,5.0,6.0,100.92532951546198,0,1,0,0,0,0,0,1,0,1,0,0,1,0,0,1
1004,1,18,37.0,2.0,2.0,13.0,0,1,0,0,0,1,0,0,0,0,0,1,0,1,0,1
1005,2,30,57.0,3.0,10.0,216.0,0,0,1,0,0,0,1,0,1,0,0,0,0,1,0,1
1006,1,12,56.0,1.0,4.0,14.0,0,1,0,0,0,1,0,0,0,0,1,0,0,0,1,1
1007,1,44,48.0,5.0,6.0,14.0,0,1,0,0,0,1,0,0,1,0,0,0,0,1,0,1
1008,1,47,37.0,1.0,5.0,14.0,0,1,0,0,0,1,0,0,0,0,0,1,0,1,0,1
1009,1,12,48.0,2.0,4.0,14.0,0,0,0,1,0,1,0,0,0,0,1,0,0,1,0,1
1010,3,54,36.57158858,1.478533418,9.0,219.0,0,0,0,1,0,1,0,0,0,1,0,0,0,1,0,1
1011,2,56,32.0,1.0,6.0,94.65408496290607,0,0,0,0,1,1,0,0,1,0,0,0,0,1,0,1
1012,2,19,18.0,5.0,6.0,76.0,0,0,0,0,1,0,1,0,0,0,0,1,0,0,1,1
1013,2,30,18.1517811,3.506863251,10.0,145.0,0,0,0,0,1,1,0,0,1,0,0,0,1,0,0,1
1014,1,18,47.0,2.0,3.0,13.0,0,0,0,1,0,0,1,0,0,0,1,0,0,0,1,1
1015,2,31,37.0,3.0,3.0,331.0,0,0,1,0,0,1,0,0,0,0,0,1,0,1,0,1
1016,3,82,46.0,5.0,17.0,625.0,0,0,0,1,0,1,0,0,1,0,0,0,0,0,1,1
1017,1,40,69.0,2.0,6.0,12.0,0,0,0,0,1,0,0,1,0,1,0,0,0,1,0,1
1018,2,18,25.0,1.0,5.0,76.0,0,0,1,0,0,0,1,0,0,0,0,1,0,0,1,1
1019,1,24,61.0,1.0,7.0,12.0,0,0,1,0,0,0,1,0,1,0,0,0,0,0,1,1
1020,2,96,47.85176685,1.040894911,12.0,93.0,0,0,0,0,1,0,0,1,0,1,0,0,1,0,0,1
1021,1,24,43.40513918,2.471505565,6.0,12.0,0,1,0,0,0,0,0,1,0,0,1,0,0,1,0,1
1022,1,11,39.0,5.0,4.0,61.866654421712944,0,0,0,0,1,0,1,0,1,0,0,0,1,0,0,1
1023,1,23,27.0,3.0,7.0,12.0,0,1,0,0,0,0,1,0,1,0,0,0,1,0,0,1
1024,2,19,18.0,5.0,6.0,76.0,0,0,0,0,1,0,1,0,0,0,0,1,0,0,1,1
1025,2,26,61.0,5.0,6.0,495.0,0,0,1,0,0,0,0,1,0,1,0,0,1,0,0,1
1026,1,53,22.0,3.0,6.0,10.0,0,0,1,0,0,0,1,0,0,0,1,0,0,1,0,1
1027,2,14,52.0,2.0,5.0,100.0,1,0,0,0,0,0,0,1,0,0,1,0,0,0,1,1
1028,2,14,52.0,2.0,5.0,100.0,1,0,0,0,0,0,0,1,0,0,1,0,0,0,1,1
1029,2,20,52.87817031,1.878767141,4.0,51.0,0,0,1,0,0,1,0,0,1,0,0,0,1,0,0,1
1030,2,14,52.0,2.0,5.0,100.0,1,0,0,0,0,0,0,1,0,0,1,0,0,0,1,1
1031,1,52,38.0,2.0,5.0,13.0,0,1,0,0,0,1,0,0,0,0,1,0,1,0,0,1
1032,2,34,45.0,3.0,9.0,52.0,0,0,0,0,1,0,0,1,0,0,1,0,0,1,0,1
1033,2,42,24.0,5.0,8.0,11.0,0,0,0,1,0,0,0,1,0,0,0,1,0,1,0,1
1034,2,56,26.0,5.0,8.0,1.0,0,0,0,0,1,1,0,0,0,0,0,1,0,1,0,1
1035,2,18,58.0,5.0,6.0,100.92532951546198,0,1,0,0,0,0,0,1,0,1,0,0,1,0,0,1
1036,1,12,68.0,3.0,4.0,14.0,0,0,0,1,0,0,1,0,1,0,0,0,0,0,1,1
1037,1,52,38.0,2.0,5.0,13.0,0,1,0,0,0,1,0,0,0,0,1,0,1,0,0,1
1038,1,17,49.0,3.0,3.0,13.0,1,0,0,0,0,0,1,0,0,1,0,0,1,0,0,1
1039,2,30,18.1517811,3.506863251,10.0,145.0,0,0,0,0,1,1,0,0,1,0,0,0,1,0,0,1
1040,3,77,26.0,1.0,19.0,704.0,0,0,0,0,1,1,0,0,1,0,0,0,0,0,1,1
1041,2,12,50.0,1.0,4.0,20.0,0,0,0,1,0,0,0,1,0,1,0,0,1,0,0,1
1042,2,28,18.0,3.0,6.0,102.45320172673641,0,0,0,1,0,1,0,0,1,0,0,0,1,0,0,1
1043,1,13,22.0,3.0,2.0,14.0,1,0,0,0,0,0,0,1,0,0,0,1,0,1,0,1
1044,2,18,25.0,1.0,5.0,76.0,0,0,1,0,0,0,1,0,0,0,0,1,0,0,1,1
1045,4,130,47.0,4.0,20.0,249.0,0,0,0,1,0,0,0,1,1,0,0,0,0,1,0,1
1046,1,31,62.0,2.0,6.0,12.0,0,0,1,0,0,0,1,0,0,0,0,1,1,0,0,1
1047,3,129,68.0,1.0,26.0,307.0,0,0,0,1,0,0,1,0,0,0,1,0,0,1,0,1
1048,2,12,53.0,4.0,4.0,268.0,0,1,0,0,0,0,0,1,0,0,0,1,1,0,0,1
1049,2,30,57.0,3.0,10.0,216.0,0,0,1,0,0,0,1,0,1,0,0,0,0,1,0,1
1050,3,54,36.57158858,1.478533418,9.0,219.0,0,0,0,1,0,1,0,0,0,1,0,0,0,1,0,1
1051,1,17,48.0,3.0,2.0,13.0,0,1,0,0,0,0,1,0,1,0,0,0,0,0,1,1
1052,2,20,30.0,2.0,7.0,93.0,0,0,0,1,0,0,1,0,1,0,0,0,1,0,0,1
1053,5,93,29.0,2.0,14.0,225.0,0,0,0,0,1,0,1,0,0,0,1,0,0,0,1,1
1054,2,19,18.0,5.0,6.0,76.0,0,0,0,0,1,0,1,0,0,0,0,1,0,0,1,1
1055,3,154,29.0,2.0,21.0,72.0,1,0,0,0,0,0,0,1,0,0,1,0,0,1,0,1
1056,2,24,31.0,3.0,4.0,58.0,0,1,0,0,0,1,0,0,1,0,0,0,1,0,0,1
1057,1,44,55.0,1.0,6.0,12.0,0,0,0,0,1,0,1,0,0,0,1,0,0,0,1,1
1058,2,20,52.87817031,1.878767141,4.0,51.0,0,0,1,0,0,1,0,0,1,0,0,0,1,0,0,1
1059,2,12,61.0,1.0,4.0,308.0,0,0,0,1,0,0,1,0,0,1,0,0,0,1,0,1
1060,2,18,30.01473236,4.386897606,6.0,102.98214481220461,1,0,0,0,0,0,1,0,1,0,0,0,1,0,0,1
1061,1,24,36.0,2.0,6.0,12.0,0,0,0,1,0,0,0,1,0,0,1,0,0,0,1,1
1062,1,15,37.0,2.0,2.0,13.0,0,0,0,0,1,0,0,1,0,0,0,1,0,0,1,1
1063,2,19,26.0,3.0,6.0,110.0,0,0,0,1,0,1,0,0,0,1,0,0,0,0,1,1
1064,2,30,53.0,4.0,7.0,398.0,0,0,1,0,0,0,0,1,0,0,1,0,1,0,0,1
1065,1,13,22.0,3.0,2.0,14.0,1,0,0,0,0,0,0,1,0,0,0,1,0,1,0,1
1066,1,12,56.0,1.0,4.0,14.0,0,1,0,0,0,1,0,0,0,0,1,0,0,0,1,1
1067,3,32,56.0,1.0,6.0,451.0,0,0,0,0,1,0,1,0,0,0,0,1,0,1,0,1
1068,1,39,28.0,3.0,6.0,14.0,0,0,1,0,0,1,0,0,0,0,1,0,0,1,0,1
1069,1,46,26.0,5.0,5.0,13.0,0,1,0,0,0,1,0,0,0,0,0,1,0,1,0,1
1070,1,20,66.23544738,4.270749927,5.0,13.0,0,0,0,0,1,0,0,1,0,0,1,0,0,0,1,1
1071,1,39,28.0,3.0,6.0,14.0,0,0,1,0,0,1,0,0,0,0,1,0,0,1,0,1
1072,2,28,75.48759893,2.949427528,4.0,278.0,0,0,0,0,1,0,0,1,0,0,0,1,0,0,1,1
1073,2,41,35.0,3.0,11.0,292.0,0,0,0,0,1,0,0,1,0,0,1,0,0,1,0,1
1074,2,15,37.0,3.0,6.0,129.0,0,0,0,1,0,0,0,1,0,0,0,1,1,0,0,1
1075,2,12,24.0,3.0,4.0,255.0,0,0,0,1,0,0,0,1,0,0,0,1,1,0,0,1
1076,1,18,40.33442018,5.498101382,6.0,13.0,1,0,0,0,0,0,0,1,0,0,0,1,1,0,0,1
1077,2,28,35.0,4.0,4.0,304.0,0,0,0,0,1,1,0,0,1,0,0,0,1,0,0,1
1078,3,25,22.0,2.0,6.0,464.0,0,1,0,0,0,1,0,0,0,0,1,0,0,0,1,1
1079,2,14,52.0,2.0,5.0,100.0,1,0,0,0,0,0,0,1,0,0,1,0,0,0,1,1
1080,2,26,24.0,5.0,10.0,152.0,0,0,1,0,0,1,0,0,0,0,0,1,0,0,1,1
1081,1,31,62.0,2.0,6.0,12.0,0,0,1,0,0,0,1,0,0,0,0,1,1,0,0,1
1082,3,25,68.0,5.0,5.0,462.0,0,0,1,0,0,0,0,1,1,0,0,0,0,1,0,1
1083,4,146,54.0,5.0,6.0,259.0,0,0,0,1,0,1,0,0,0,0,1,0,0,0,1,1
1084,1,53,22.0,3.0,6.0,10.0,0,0,1,0,0,0,1,0,0,0,1,0,0,1,0,1
1085,2,32,46.0,1.0,10.0,126.0,0,0,1,0,0,0,1,0,1,0,0,0,0,1,0,1
1086,2,18,30.01473236,4.386897606,6.0,102.98214481220461,1,0,0,0,0,0,1,0,1,0,0,0,1,0,0,1
1087,2,32,58.0,5.0,8.0,44.0,0,0,1,0,0,0,0,1,0,0,1,0,0,0,1,1
1088,2,14,52.0,2.0,5.0,100.0,1,0,0,0,0,0,0,1,0,0,1,0,0,0,1,1
1089,1,21,65.0,4.0,5.0,10.0,0,0,0,0,1,0,0,1,0,0,0,1,0,1,0,1
1090,1,22,64.0,3.0,5.0,11.0,0,0,1,0,0,0,0,1,0,0,1,0,1,0,0,1
1091,2,26,61.0,5.0,6.0,495.0,0,0,1,0,0,0,0,1,0,1,0,0,1,0,0,1
1092,2,43,18.0,5.0,12.0,194.0,0,0,0,1,0,0,1,0,1,0,0,0,1,0,0,1
1093,5,93,29.0,2.0,14.0,225.0,0,0,0,0,1,0,1,0,0,0,1,0,0,0,1,1
1094,2,30,57.0,3.0,10.0,216.0,0,0,1,0,0,0,1,0,1,0,0,0,0,1,0,1
1095,2,67,19.0,1.0,10.0,1.0,0,0,0,1,0,1,0,0,1,0,0,0,0,1,0,1
1096,1,40,43.33428785,1.527036158,5.0,11.0,0,0,0,1,0,1,0,0,0,1,0,0,0,1,0,1
1097,2,28,49.0,4.0,10.0,243.0,0,1,0,0,0,1,0,0,0,0,1,0,1,0,0,1
1098,2,19,18.0,5.0,6.0,76.0,0,0,0,0,1,0,1,0,0,0,0,1,0,0,1,1
1099,2,16,26.0,3.0,3.0,90.40694193475699,1,0,0,0,0,0,0,1,0,0,0,1,0,0,1,1
1100,2,30,24.0,2.0,5.0,33.0,0,0,0,0,1,0,1,0,0,0,1,0,0,1,0,1
1101,2,11,69.0,4.0,4.0,20.0,0,0,0,1,0,1,0,0,0,0,1,0,0,1,0,1
1102,1,53,22.0,3.0,6.0,10.0,0,0,1,0,0,0,1,0,0,0,1,0,0,1,0,1
1103,2,30,54.0,1.0,6.0,30.0,0,0,1,0,0,0,1,0,0,0,0,1,0,0,1,1
1104,3,116,33.0,2.0,18.0,79.0,0,0,0,0,1,0,1,0,0,0,0,1,0,1,0,1
1105,2,18,25.0,1.0,5.0,76.0,0,0,1,0,0,0,1,0,0,0,0,1,0,0,1,1
1106,1,14,28.0,1.0,2.0,12.0,1,0,0,0,0,0,0,1,0,0,1,0,0,0,1,1
1107,3,129,68.0,1.0,26.0,307.0,0,0,0,1,0,0,1,0,0,0,1,0,0,1,0,1
1108,1,44,48.0,5.0,6.0,14.0,0,1,0,0,0,1,0,0,1,0,0,0,0,1,0,1
1109,2,18,44.0,4.0,5.0,54.0,0,0,1,0,0,0,0,1,0,0,0,1,0,1,0,1
1110,4,145,42.0,4.0,26.0,293.0,1,0,0,0,0,1,0,0,0,0,1,0,1,0,0,1
1111,4,139,67.0,3.0,15.0,110.0,0,1,0,0,0,1,0,0,0,1,0,0,0,1,0,1
1112,3,50,53.0,5.0,9.0,186.0,1,0,0,0,0,0,1,0,0,0,0,1,1,0,0,1
1113,2,18,65.0,2.0,6.0,1.0,0,1,0,0,0,1,0,0,1,0,0,0,0,0,1,1
1114,1,24,36.0,2.0,6.0,12.0,0,0,0,1,0,0,0,1,0,0,1,0,0,0,1,1
1115,4,145,42.0,4.0,26.0,293.0,1,0,0,0,0,1,0,0,0,0,1,0,1,0,0,1
1116,1,45,31.0,5.0,6.0,12.0,0,1,0,0,0,0,1,0,0,0,0,1,0,1,0,1
1117,1,45,31.0,5.0,6.0,12.0,0,1,0,0,0,0,1,0,0,0,0,1,0,1,0,1
1118,2,22,23.0,3.0,4.0,156.0,0,1,0,0,0,1,0,0,1,0,0,0,0,0,1,1
1119,2,25,24.0,5.0,8.0,659.0,0,0,0,1,0,1,0,0,0,0,1,0,1,0,0,1
1120,1,13,23.0,5.0,2.0,13.0,1,0,0,0,0,0,0,1,0,1,0,0,0,1,0,1
1121,1,14,57.0,3.0,6.0,14.0,0,1,0,0,0,1,0,0,0,1,0,0,0,1,0,1
1122,2,30,24.0,2.0,5.0,33.0,0,0,0,0,1,0,1,0,0,0,1,0,0,1,0,1
1123,1,24,43.0,2.0,7.0,14.0,0,0,0,1,0,0,0,1,1,0,0,0,0,1,0,1
1124,1,17,49.0,3.0,3.0,13.0,1,0,0,0,0,0,1,0,0,1,0,0,1,0,0,1
1125,2,64,36.27118972,4.150963002,8.0,92.11418009152166,0,0,0,1,0,1,0,0,1,0,0,0,1,0,0,1
1126,2,20,63.0,2.0,5.0,51.0,0,1,0,0,0,1,0,0,1,0,0,0,1,0,0,1
1127,2,40,41.31616849,3.46800424,10.0,11.0,0,0,0,1,0,0,1,0,0,0,0,1,0,1,0,1
1128,2,28,35.0,4.0,4.0,304.0,0,0,0,0,1,1,0,0,1,0,0,0,1,0,0,1
1129,2,22,23.0,3.0,4.0,156.0,0,1,0,0,0,1,0,0,1,0,0,0,0,0,1,1
1130,4,146,54.0,5.0,6.0,259.0,0,0,0,1,0,1,0,0,0,0,1,0,0,0,1,1
1131,1,24,27.0,3.0,6.0,13.0,0,0,1,0,0,0,1,0,0,0,0,1,1,0,0,1
1132,2,20,64.0,2.0,6.0,52.0,1,0,0,0,0,0,0,1,0,0,1,0,1,0,0,1
1133,4,139,67.0,3.0,15.0,110.0,0,1,0,0,0,1,0,0,0,1,0,0,0,1,0,1
1134,2,72,29.0,1.0,8.0,1.0,0,0,1,0,0,0,1,0,1,0,0,0,0,0,1,1
1135,2,20,33.26661065,-0.287920128,4.0,152.0,1,0,0,0,0,0,1,0,0,1,0,0,0,1,0,1
1136,2,24,31.0,3.0,4.0,58.0,0,1,0,0,0,1,0,0,1,0,0,0,1,0,0,1
1137,2,30,53.0,4.0,7.0,398.0,0,0,1,0,0,0,0,1,0,0,1,0,1,0,0,1
1138,1,20,44.0,4.0,5.0,11.0,0,1,0,0,0,0,1,0,0,0,0,1,0,0,1,1
1139,2,96,47.85176685,1.040894911,12.0,93.0,0,0,0,0,1,0,0,1,0,1,0,0,1,0,0,1
1140,2,12,61.0,1.0,4.0,308.0,0,0,0,1,0,0,1,0,0,1,0,0,0,1,0,1
1141,2,20,65.0,1.0,7.0,119.39614706046535,0,0,0,0,1,0,0,1,0,1,0,0,0,0,1,1
1142,1,13,65.0,1.0,4.0,11.0,0,0,1,0,0,0,0,1,0,0,0,1,1,0,0,1
1143,2,48,30.0,4.0,11.0,11.0,0,0,1,0,0,0,0,1,0,0,0,1,0,1,0,1
1144,2,20,52.87817031,1.878767141,4.0,51.0,0,0,1,0,0,1,0,0,1,0,0,0,1,0,0,1
1145,2,18,30.01473236,4.386897606,6.0,102.98214481220461,1,0,0,0,0,0,1,0,1,0,0,0,1,0,0,1
1146,2,18,58.0,5.0,6.0,100.92532951546198,0,1,0,0,0,0,0,1,0,1,0,0,1,0,0,1
1147,2,24,18.0,1.0,7.0,676.0,0,1,0,0,0,1,0,0,0,0,0,1,1,0,0,1
1148,1,13,23.0,5.0,2.0,13.0,1,0,0,0,0,0,0,1,0,1,0,0,0,1,0,1
1149,2,12,24.0,3.0,4.0,255.0,0,0,0,1,0,0,0,1,0,0,0,1,1,0,0,1
1150,1,18,41.86921387,4.856000321,3.0,13.0,0,0,1,0,0,0,0,1,1,0,0,0,1,0,0,1
1151,2,18,53.0,4.0,5.0,1.0,0,1,0,0,0,0,1,0,0,0,0,1,0,0,1,1
1152,1,26,53.0,3.0,6.0,13.0,1,0,0,0,0,0,0,1,0,1,0,0,0,1,0,1
1153,2,30,35.0,2.0,11.0,237.0,0,0,0,1,0,0,0,1,0,0,1,0,1,0,0,1
1154,3,57,35.0,2.0,16.0,716.0,0,0,0,1,0,1,0,0,0,0,0,1,0,0,1,1
1155,1,53,22.0,3.0,6.0,10.0,0,0,1,0,0,0,1,0,0,0,1,0,0,1,0,1
1156,2,12,53.0,4.0,4.0,268.0,0,1,0,0,0,0,0,1,0,0,0,1,1,0,0,1
1157,2,49,31.0,2.0,11.0,279.0,0,0,0,1,0,1,0,0,0,1,0,0,1,0,0,1
1158,2,16,26.0,3.0,3.0,90.40694193475699,1,0,0,0,0,0,0,1,0,0,0,1,0,0,1,1
1159,1,27,19.0,4.0,7.0,75.19501637350206,0,0,0,1,0,0,1,0,0,0,0,1,0,1,0,1
1160,2,29,53.0,4.0,6.0,98.58026929606427,0,0,0,1,0,0,1,0,0,0,0,1,0,1,0,1
1161,3,50,53.0,5.0,9.0,186.0,1,0,0,0,0,0,1,0,0,0,0,1,1,0,0,1
1162,2,29,58.0,4.0,6.0,513.0,0,0,1,0,0,0,0,1,1,0,0,0,1,0,0,1
1163,1,14,57.0,3.0,6.0,14.0,0,1,0,0,0,1,0,0,0,1,0,0,0,1,0,1
1164,2,41,36.0,4.0,8.0,31.0,0,0,0,0,1,0,1,0,1,0,0,0,0,0,1,1
1165,2,29,58.0,4.0,6.0,513.0,0,0,1,0,0,0,0,1,1,0,0,0,1,0,0,1
1166,1,13,22.0,3.0,2.0,14.0,1,0,0,0,0,0,0,1,0,0,0,1,0,1,0,1
1167,1,39,65.0,4.0,6.0,13.0,0,0,0,0,1,0,0,1,0,0,1,0,1,0,0,1
1168,1,12,68.0,3.0,4.0,14.0,0,0,0,1,0,0,1,0,1,0,0,0,0,0,1,1
1169,1,24,27.0,3.0,6.0,13.0,0,0,1,0,0,0,1,0,0,0,0,1,1,0,0,1
1170,1,14,57.0,3.0,6.0,14.0,0,1,0,0,0,1,0,0,0,1,0,0,0,1,0,1
1171,1,13,63.0,4.0,3.0,11.0,0,0,0,0,1,0,0,1,1,0,0,0,0,0,1,1
1172,3,50,68.0,3.0,10.0,234.0,0,1,0,0,0,0,1,0,1,0,0,0,0,1,0,1
1173,1,22,41.0,1.0,6.0,12.0,1,0,0,0,0,0,0,1,0,0,1,0,0,1,0,1
1174,2,48,58.96918117,1.541783325,8.0,33.0,1,0,0,0,0,1,0,0,0,0,1,0,0,0,1,1
1175,2,74,40.0,1.0,9.0,1.0,0,0,0,1,0,0,0,1,0,1,0,0,1,0,0,1
1176,2,18,27.0,3.0,4.0,344.0,0,0,0,1,0,0,1,0,0,1,0,0,0,1,0,1
1177,1,14,28.0,1.0,2.0,12.0,1,0,0,0,0,0,0,1,0,0,1,0,0,0,1,1
1178,1,11,26.0,2.0,3.0,11.0,0,0,0,0,1,0,1,0,0,1,0,0,1,0,0,1
1179,2,27,37.0,3.0,6.0,636.0,0,0,0,1,0,0,1,0,0,0,1,0,0,1,0,1
1180,1,24,43.0,2.0,7.0,14.0,0,0,0,1,0,0,0,1,1,0,0,0,0,1,0,1
1181,2,31,61.0,5.0,9.0,112.45342325326891,0,0,0,1,0,0,1,0,0,1,0,0,0,1,0,1
1182,1,11,39.0,5.0,4.0,61.866654421712944,0,0,0,0,1,0,1,0,1,0,0,0,1,0,0,1
1183,2,30,54.0,1.0,6.0,30.0,0,0,1,0,0,0,1,0,0,0,0,1,0,0,1,1
1184,2,20,64.0,2.0,6.0,52.0,1,0,0,0,0,0,0,1,0,0,1,0,1,0,0,1
1185,1,12,49.0,5.0,3.0,12.0,0,0,0,0,1,1,0,0,1,0,0,0,0,0,1,1
1186,3,32,56.0,1.0,6.0,451.0,0,0,0,0,1,0,1,0,0,0,0,1,0,1,0,1
1187,1,24,43.0,2.0,7.0,14.0,0,0,0,1,0,0,0,1,1,0,0,0,0,1,0,1
1188,1,24,43.0,2.0,7.0,14.0,0,0,0,1,0,0,0,1,1,0,0,0,0,1,0,1
1189,2,34,45.0,3.0,9.0,52.0,0,0,0,0,1,0,0,1,0,0,1,0,0,1,0,1
1190,1,18,40.33442018,5.498101382,6.0,13.0,1,0,0,0,0,0,0,1,0,0,0,1,1,0,0,1
1191,1,17,48.0,3.0,2.0,13.0,0,1,0,0,0,0,1,0,1,0,0,0,0,0,1,1
1192,2,142,69.0,2.0,15.0,92.0,0,0,1,0,0,0,1,0,0,0,0,1,0,1,0,1
1193,2,14,52.0,2.0,5.0,100.0,1,0,0,0,0,0,0,1,0,0,1,0,0,0,1,1
1194,3,146,52.0,3.0,19.0,83.0,0,0,0,1,0,0,1,0,0,0,1,0,0,0,1,1
1195,3,64,65.0,3.0,16.0,918.0,0,1,0,0,0,1,0,0,0,0,1,0,1,0,0,1
1196,2,20,30.0,2.0,7.0,93.0,0,0,0,1,0,0,1,0,1,0,0,0,1,0,0,1
1197,2,28,49.0,4.0,10.0,243.0,0,1,0,0,0,1,0,0,0,0,1,0,1,0,0,1
1198,1,14,57.0,3.0,6.0,14.0,0,1,0,0,0,1,0,0,0,1,0,0,0,1,0,1
1199,2,14,52.0,2.0,5.0,100.0,1,0,0,0,0,0,0,1,0,0,1,0,0,0,1,1
1200,1,45,24.0,5.0,4.0,11.0,0,1,0,0,0,1,0,0,0,1,0,0,0,0,1,1
1201,2,18,44.0,4.0,5.0,54.0,0,0,1,0,0,0,0,1,0,0,0,1,0,1,0,1
1202,2,31,39.0,3.0,10.0,137.0,0,0,1,0,0,0,0,1,0,1,0,0,0,1,0,1
1203,1,26,53.0,3.0,6.0,13.0,1,0,0,0,0,0,0,1,0,1,0,0,0,1,0,1
1204,2,14,52.0,2.0,5.0,100.0,1,0,0,0,0,0,0,1,0,0,1,0,0,0,1,1
1205,2,31,39.0,3.0,10.0,137.0,0,0,1,0,0,0,0,1,0,1,0,0,0,1,0,1
1206,2,28,20.0,1.0,6.0,536.0,1,0,0,0,0,0,1,0,0,0,1,0,0,1,0,1
1207,1,27,19.0,4.0,7.0,75.19501637350206,0,0,0,1,0,0,1,0,0,0,0,1,0,1,0,1
1208,2,17,67.0,2.0,6.0,1.0,0,1,0,0,0,0,0,1,0,0,0,1,0,1,0,1
1209,2,18,53.0,4.0,5.0,1.0,0,1,0,0,0,0,1,0,0,0,0,1,0,0,1,1
1210,2,81,56.0,5.0,11.0,98.0,0,0,1,0,0,0,1,0,0,0,1,0,0,0,1,1
1211,2,32,46.0,1.0,10.0,126.0,0,0,1,0,0,0,1,0,1,0,0,0,0,1,0,1
1212,2,32,70.23571415,2.120857059,8.0,49.0,0,0,1,0,0,0,1,0,0,0,1,0,1,0,0,1
1213,2,30,35.0,2.0,11.0,237.0,0,0,0,1,0,0,0,1,0,0,1,0,1,0,0,1
1214,2,20,64.0,2.0,6.0,52.0,1,0,0,0,0,0,0,1,0,0,1,0,1,0,0,1
1215,2,17,19.0,5.0,6.0,101.44349556963446,0,0,1,0,0,0,1,0,1,0,0,0,1,0,0,1
1216,1,45,24.0,5.0,4.0,11.0,0,1,0,0,0,1,0,0,0,1,0,0,0,0,1,1
1217,1,52,38.0,2.0,5.0,13.0,0,1,0,0,0,1,0,0,0,0,1,0,1,0,0,1
1218,2,24,31.0,3.0,4.0,58.0,0,1,0,0,0,1,0,0,1,0,0,0,1,0,0,1
1219,3,175,63.0,5.0,20.0,87.0,0,0,0,0,1,1,0,0,1,0,0,0,0,0,1,1
1220,3,57,35.0,2.0,16.0,716.0,0,0,0,1,0,1,0,0,0,0,0,1,0,0,1,1
1221,1,24,43.40513918,2.471505565,6.0,12.0,0,1,0,0,0,0,0,1,0,0,1,0,0,1,0,1
1222,2,11,43.0,3.0,4.0,20.0,0,0,1,0,0,0,0,1,0,0,0,1,0,0,1,1
1223,2,18,27.0,3.0,4.0,344.0,0,0,0,1,0,0,1,0,0,1,0,0,0,1,0,1
1224,2,29,58.0,4.0,6.0,513.0,0,0,1,0,0,0,0,1,1,0,0,0,1,0,0,1
1225,4,139,67.0,3.0,15.0,110.0,0,1,0,0,0,1,0,0,0,1,0,0,0,1,0,1
1226,2,49,28.0,5.0,7.0,34.0,0,0,0,0,1,0,1,0,0,0,1,0,1,0,0,1
1227,2,20,34.0,2.0,7.0,72.0,0,0,0,0,1,0,1,0,0,0,0,1,0,1,0,1
1228,2,20,64.0,2.0,6.0,52.0,1,0,0,0,0,0,0,1,0,0,1,0,1,0,0,1
1229,1,18,48.0,5.0,7.0,14.0,1,0,0,0,0,0,0,1,0,0,0,1,0,0,1,1
1230,2,41,36.0,4.0,8.0,31.0,0,0,0,0,1,0,1,0,1,0,0,0,0,0,1,1
1231,2,40,41.31616849,3.46800424,10.0,11.0,0,0,0,1,0,0,1,0,0,0,0,1,0,1,0,1
1232,1,47,48.0,5.0,7.0,61.47692891355266,0,1,0,0,0,1,0,0,0,0,0,1,1,0,0,1
1233,3,54,36.57158858,1.478533418,9.0,219.0,0,0,0,1,0,1,0,0,0,1,0,0,0,1,0,1
1234,2,18,58.0,5.0,6.0,100.92532951546198,0,1,0,0,0,0,0,1,0,1,0,0,1,0,0,1
1235,2,20,34.0,2.0,7.0,72.0,0,0,0,0,1,0,1,0,0,0,0,1,0,1,0,1
1236,2,48,30.0,4.0,11.0,11.0,0,0,1,0,0,0,0,1,0,0,0,1,0,1,0,1
1237,2,20,34.0,2.0,7.0,72.0,0,0,0,0,1,0,1,0,0,0,0,1,0,1,0,1
1238,2,24,41.0,1.0,5.0,663.0,0,1,0,0,0,0,0,1,0,0,0,1,1,0,0,1
1239,1,24,36.0,2.0,6.0,12.0,0,0,0,1,0,0,0,1,0,0,1,0,0,0,1,1
1240,1,11,26.0,2.0,3.0,11.0,0,0,0,0,1,0,1,0,0,1,0,0,1,0,0,1
1241,2,20,34.0,2.0,7.0,72.0,0,0,0,0,1,0,1,0,0,0,0,1,0,1,0,1
1242,1,12,56.0,1.0,4.0,14.0,0,1,0,0,0,1,0,0,0,0,1,0,0,0,1,1
1243,3,54,36.57158858,1.478533418,9.0,219.0,0,0,0,1,0,1,0,0,0,1,0,0,0,1,0,1
1244,1,23,27.0,3.0,7.0,12.0,0,1,0,0,0,0,1,0,1,0,0,0,1,0,0,1
1245,1,39,28.0,3.0,6.0,14.0,0,0,1,0,0,1,0,0,0,0,1,0,0,1,0,1
1246,1,48,36.8265249,4.955624717,6.0,12.0,1,0,0,0,0,1,0,0,0,0,1,0,1,0,0,1
1247,2,6,48.0,2.0,6.0,886.0,0,0,1,0,0,1,0,0,0,0,0,1,0,1,0,2
1248,1,1,39.0,3.0,1.0,11.0,0,0,0,1,0,1,0,0,0,0,0,1,1,0,0,2
1249,5,5,43.0,4.0,5.0,2.0,0,0,1,0,0,0,1,0,1,0,0,0,1,0,0,2
1250,1,3,52.0,2.0,3.0,11.0,0,0,0,1,0,0,1,0,0,1,0,0,1,0,0,2
1251,2,2,60.0,5.0,2.0,2.0,0,1,0,0,0,0,1,0,0,0,0,1,0,1,0,2
1252,1,5,39.0,4.0,2.0,16.0,1,0,0,0,0,1,0,0,0,0,0,1,1,0,0,2
1253,2,8,58.0,3.0,4.0,1.0,0,0,0,0,1,1,0,0,0,0,0,1,0,0,1,2
1254,1,1,45.0,5.0,1.0,10.0,0,0,1,0,0,0,0,1,0,1,0,0,0,0,1,2
1255,1,6,64.0,3.0,3.0,10.0,0,0,0,1,0,0,1,0,1,0,0,0,1,0,0,2
1256,2,8,27.0,1.0,4.0,6.0,0,0,1,0,0,0,1,0,1,0,0,0,0,1,0,2
1257,1,6,50.0,1.0,3.0,71.78846605122423,0,0,1,0,0,1,0,0,0,0,1,0,1,0,0,2
1258,1,3,51.0,5.0,3.0,11.0,0,0,1,0,0,1,0,0,1,0,0,0,0,0,1,2
1259,1,3,19.0,2.0,3.0,11.0,0,0,0,1,0,0,0,1,1,0,0,0,1,0,0,2
1260,1,2,68.0,3.0,2.0,11.0,0,1,0,0,0,0,1,0,0,1,0,0,1,0,0,2
1261,2,6,36.0,1.0,5.0,242.0,0,0,0,1,0,0,0,1,0,0,0,1,0,0,1,2
1262,1,6,64.0,3.0,3.0,10.0,0,0,0,1,0,0,1,0,1,0,0,0,1,0,0,2
1263,1,2,49.0,3.0,3.0,15.0,0,1,0,0,0,1,0,0,0,0,0,1,1,0,0,2
1264,1,1,29.42399059,2.936156479,1.0,13.0,1,0,0,0,0,0,1,0,0,0,1,0,0,0,1,2
1265,1,6,67.0,3.0,3.0,11.0,0,0,1,0,0,1,0,0,0,1,0,0,0,1,0,2
1266,5,20,54.0,1.0,12.0,126.0,0,0,1,0,0,0,1,0,0,1,0,0,0,1,0,2
1267,4,21,65.0,2.0,12.0,640.0,0,0,1,0,0,1,0,0,0,1,0,0,0,1,0,2
1268,2,5,51.0,2.0,4.0,73.0,0,0,0,1,0,1,0,0,0,0,1,0,0,0,1,2
1269,3,5,59.0,2.0,6.0,773.0,0,0,0,1,0,0,0,1,0,0,1,0,0,1,0,2
1270,1,7,51.0,5.0,3.0,11.0,0,0,0,0,1,0,1,0,0,0,0,1,1,0,0,2
1271,1,5,20.0,5.0,3.0,11.0,0,0,0,0,1,1,0,0,0,0,1,0,0,0,1,2
1272,2,6,64.0,1.0,7.0,126.65047181888018,0,0,1,0,0,0,1,0,0,0,1,0,1,0,0,2
1273,1,7,51.0,5.0,3.0,11.0,0,0,0,0,1,0,1,0,0,0,0,1,1,0,0,2
1274,5,5,55.1476622,2.298390793,5.0,2.091,1,0,0,0,0,0,1,0,1,0,0,0,0,0,1,2
1275,1,5,33.0,2.0,2.0,13.0,0,1,0,0,0,1,0,0,1,0,0,0,0,0,1,2
1276,4,18,67.0,2.0,10.0,108.0,0,0,1,0,0,0,0,1,1,0,0,0,0,0,1,2
1277,1,4,23.0,2.0,2.0,11.0,1,0,0,0,0,0,1,0,0,1,0,0,0,1,0,2
1278,4,24,26.0,5.0,12.0,328.0,0,0,0,1,0,1,0,0,0,0,0,1,0,0,1,2
1279,1,4,51.0,2.0,2.0,14.0,0,1,0,0,0,1,0,0,1,0,0,0,0,0,1,2
1280,1,5,20.0,5.0,3.0,11.0,0,0,0,0,1,1,0,0,0,0,1,0,0,0,1,2
1281,1,1,29.42399059,2.936156479,1.0,13.0,1,0,0,0,0,0,1,0,0,0,1,0,0,0,1,2
1282,1,2,53.84977497,3.454022955,2.0,12.0,0,0,1,0,0,0,1,0,0,1,0,0,1,0,0,2
1283,1,3,53.0,4.0,3.0,11.0,0,0,0,0,1,1,0,0,0,1,0,0,1,0,0,2
1284,5,17,27.0,5.0,11.0,138.0,0,1,0,0,0,0,1,0,0,1,0,0,0,1,0,2
1285,2,7,30.0,5.0,7.0,21.0,0,1,0,0,0,1,0,0,0,0,1,0,0,1,0,2
1286,1,3,37.0,3.0,2.0,13.0,0,0,1,0,0,0,0,1,0,0,1,0,1,0,0,2
1287,1,7,32.0,2.0,3.0,13.0,0,0,0,1,0,0,1,0,0,0,0,1,0,0,1,2
1288,1,1,45.0,5.0,1.0,10.0,0,0,1,0,0,0,0,1,0,1,0,0,0,0,1,2
1289,1,1,19.0,2.0,1.0,9.0,0,0,0,1,0,0,1,0,0,0,1,0,1,0,0,2
1290,3,12,18.0,3.0,6.0,88.0,0,0,1,0,0,1,0,0,0,1,0,0,0,1,0,2
1291,1,4,51.0,2.0,2.0,14.0,0,1,0,0,0,1,0,0,1,0,0,0,0,0,1,2
1292,2,6,64.0,1.0,7.0,126.65047181888018,0,0,1,0,0,0,1,0,0,0,1,0,1,0,0,2
1293,1,7,30.0,2.0,3.0,67.9155336205521,1,0,0,0,0,1,0,0,0,1,0,0,0,1,0,2
1294,4,15,64.0,1.0,12.0,816.0,1,0,0,0,0,1,0,0,1,0,0,0,0,0,1,2
1295,1,4,38.0,4.0,2.0,9.0,0,0,0,1,0,1,0,0,0,0,1,0,0,1,0,2
1296,5,5,29.0,1.0,5.0,2.0,0,0,0,0,1,1,0,0,0,0,0,1,0,0,1,2
1297,1,2,40.0,4.0,3.0,12.0,0,0,1,0,0,0,1,0,0,0,0,1,1,0,0,2
1298,1,6,67.0,4.0,3.0,11.0,1,0,0,0,0,0,1,0,0,0,1,0,0,1,0,2
1299,1,3,53.0,3.0,3.0,13.0,0,0,0,0,1,1,0,0,0,0,0,1,0,0,1,2
1300,1,3,55.0,3.0,2.0,60.54534731339264,0,0,0,0,1,0,1,0,0,1,0,0,0,1,0,2
1301,1,4,42.0,3.0,2.0,10.0,0,0,0,0,1,0,1,0,0,0,1,0,1,0,0,2
1302,2,8,8.789757825,4.983232386,4.0,170.0,0,0,0,0,1,0,0,1,0,1,0,0,0,0,1,2
1303,2,7,30.0,5.0,7.0,21.0,0,1,0,0,0,1,0,0,0,0,1,0,0,1,0,2
1304,5,16,54.0,1.0,18.0,713.0,1,0,0,0,0,1,0,0,0,0,0,1,0,1,0,2
1305,1,2,53.84977497,3.454022955,2.0,12.0,0,0,1,0,0,0,1,0,0,1,0,0,1,0,0,2
1306,1,4,51.0,2.0,2.0,14.0,0,1,0,0,0,1,0,0,1,0,0,0,0,0,1,2
1307,1,2,19.0,3.0,2.0,13.0,0,0,0,1,0,1,0,0,1,0,0,0,1,0,0,2
1308,1,2,67.0,1.0,1.0,12.0,0,0,0,0,1,0,1,0,0,0,1,0,0,0,1,2
1309,2,5,19.0,3.0,5.0,22.0,0,0,1,0,0,0,0,1,1,0,0,0,1,0,0,2
1310,1,7,30.0,2.0,3.0,67.9155336205521,1,0,0,0,0,1,0,0,0,1,0,0,0,1,0,2
1311,1,5,22.0,1.0,3.0,12.0,0,1,0,0,0,1,0,0,0,1,0,0,0,1,0,2
1312,1,6,67.0,4.0,3.0,11.0,1,0,0,0,0,0,1,0,0,0,1,0,0,1,0,2
1313,1,3,68.0,3.0,3.0,11.0,0,0,1,0,0,0,0,1,0,1,0,0,0,1,0,2
1314,1,2,62.0,1.0,2.0,13.0,0,0,0,1,0,0,1,0,0,0,0,1,0,1,0,2
1315,2,12,45.23216841,-0.553438246,6.0,162.0,1,0,0,0,0,0,1,0,0,1,0,0,1,0,0,2
1316,1,5,33.0,2.0,2.0,13.0,0,1,0,0,0,1,0,0,1,0,0,0,0,0,1,2
1317,2,5,47.0,5.0,2.0,116.0,0,0,0,0,1,0,0,1,1,0,0,0,1,0,0,2
1318,1,3,58.0,1.0,3.0,12.0,1,0,0,0,0,1,0,0,1,0,0,0,0,1,0,2
1319,1,2,51.26003548,2.512163086,1.0,11.0,0,0,0,1,0,0,1,0,0,1,0,0,1,0,0,2
1320,2,9,57.0,5.0,4.0,175.0,0,0,0,1,0,0,1,0,0,0,0,1,0,1,0,2
1321,3,14,58.0,2.0,6.0,112.0,1,0,0,0,0,0,0,1,0,0,0,1,0,1,0,2
1322,1,4,43.0,4.0,1.0,14.0,0,0,1,0,0,0,0,1,0,0,0,1,0,1,0,2
1323,1,6,33.0,5.0,3.0,12.0,0,0,0,1,0,1,0,0,0,1,0,0,1,0,0,2
1324,1,3,62.0,5.0,3.0,10.0,0,0,0,0,1,0,0,1,0,1,0,0,0,0,1,2
1325,1,6,24.0,1.0,3.0,71.78846605122423,0,1,0,0,0,1,0,0,0,1,0,0,0,0,1,2
1326,5,25,61.0,3.0,11.0,114.0,0,0,0,1,0,0,0,1,0,1,0,0,0,0,1,2
1327,1,6,67.0,3.0,3.0,11.0,0,0,1,0,0,1,0,0,0,1,0,0,0,1,0,2
1328,2,6,64.0,1.0,7.0,126.65047181888018,0,0,1,0,0,0,1,0,0,0,1,0,1,0,0,2
1329,7,6,50.0,3.0,6.0,2.0,0,0,0,0,1,0,0,1,0,0,1,0,0,0,1,2
1330,1,4,47.0,1.0,2.0,12.0,0,0,0,0,1,0,0,1,0,0,1,0,0,0,1,2
1331,2,8,31.0,2.0,4.0,1.0,0,0,0,1,0,0,0,1,0,0,0,1,1,0,0,2
1332,1,4,24.0,1.0,2.0,13.0,0,0,0,0,1,0,0,1,0,0,1,0,0,1,0,2
1333,2,6,29.68925663,2.177858782,6.0,116.610946633412,0,0,1,0,0,1,0,0,0,0,0,1,0,0,1,2
1334,1,5,39.0,4.0,2.0,16.0,1,0,0,0,0,1,0,0,0,0,0,1,1,0,0,2
1335,2,12,24.0,1.0,5.0,266.0,0,0,0,0,1,0,1,0,1,0,0,0,0,1,0,2
1336,3,14,58.0,2.0,6.0,112.0,1,0,0,0,0,0,0,1,0,0,0,1,0,1,0,2
1337,2,12,57.25666671,3.040157209,6.0,109.0,0,0,1,0,0,1,0,0,1,0,0,0,0,0,1,2
1338,5,17,62.0,2.0,10.0,128.0,0,0,0,0,1,1,0,0,1,0,0,0,1,0,0,2
1339,1,4,51.0,2.0,2.0,14.0,0,1,0,0,0,1,0,0,1,0,0,0,0,0,1,2
1340,3,12,18.0,3.0,6.0,88.0,0,0,1,0,0,1,0,0,0,1,0,0,0,1,0,2
1341,1,7,32.0,2.0,3.0,13.0,0,0,0,1,0,0,1,0,0,0,0,1,0,0,1,2
1342,1,4,26.0,3.0,2.0,11.0,0,0,0,1,0,0,0,1,0,0,0,1,1,0,0,2
1343,2,6,55.0,5.0,6.0,934.0,0,0,0,1,0,0,0,1,0,1,0,0,1,0,0,2
1344,1,4,51.0,2.0,2.0,14.0,0,1,0,0,0,1,0,0,1,0,0,0,0,0,1,2
1345,2,13,30.0,5.0,7.0,116.0,0,0,1,0,0,0,1,0,0,1,0,0,1,0,0,2
1346,1,3,53.0,3.0,3.0,13.0,0,0,0,0,1,1,0,0,0,0,0,1,0,0,1,2
1347,5,7,28.0,1.0,5.0,1.0,1,0,0,0,0,0,1,0,0,1,0,0,1,0,0,2
1348,1,3,57.7241644,5.604227677,3.0,12.0,0,1,0,0,0,0,0,1,0,0,1,0,1,0,0,2
1349,1,6,67.0,4.0,3.0,11.0,1,0,0,0,0,0,1,0,0,0,1,0,0,1,0,2
1350,5,17,65.0,2.0,9.0,123.0,0,0,1,0,0,0,0,1,0,0,1,0,0,1,0,2
1351,1,5,33.0,2.0,2.0,13.0,0,1,0,0,0,1,0,0,1,0,0,0,0,0,1,2
1352,1,1,46.0,3.0,1.0,8.0,0,0,0,0,1,0,1,0,0,1,0,0,1,0,0,2
1353,1,2,32.0,2.0,2.0,15.0,1,0,0,0,0,0,1,0,0,1,0,0,0,1,0,2
1354,5,5,29.0,1.0,5.0,2.0,0,0,0,0,1,1,0,0,0,0,0,1,0,0,1,2
1355,5,25,35.0,4.0,11.0,488.0,1,0,0,0,0,1,0,0,0,0,1,0,1,0,0,2
1356,2,7,54.0,5.0,6.0,184.0,0,0,0,1,0,1,0,0,0,1,0,0,0,0,1,2
1357,5,5,68.0,1.0,5.0,206.52147711312395,0,1,0,0,0,0,1,0,1,0,0,0,0,1,0,2
1358,4,24,26.0,5.0,12.0,328.0,0,0,0,1,0,1,0,0,0,0,0,1,0,0,1,2
1359,4,26,35.0,5.0,11.0,617.0,1,0,0,0,0,0,0,1,1,0,0,0,0,1,0,2
1360,1,6,28.0,4.0,4.0,11.0,0,1,0,0,0,0,1,0,0,0,0,1,1,0,0,2
1361,2,8,8.789757825,4.983232386,4.0,170.0,0,0,0,0,1,0,0,1,0,1,0,0,0,0,1,2
1362,3,12,18.0,4.0,7.0,93.0,0,0,1,0,0,0,1,0,0,0,0,1,1,0,0,2
1363,1,3,58.0,1.0,3.0,12.0,1,0,0,0,0,1,0,0,1,0,0,0,0,1,0,2
1364,4,18,67.0,2.0,10.0,108.0,0,0,1,0,0,0,0,1,1,0,0,0,0,0,1,2
1365,1,1,39.01900585,3.201483042,1.0,12.0,1,0,0,0,0,0,1,0,0,0,0,1,0,1,0,2
1366,2,8,27.0,1.0,4.0,6.0,0,0,1,0,0,0,1,0,1,0,0,0,0,1,0,2
1367,2,6,44.0,3.0,6.0,113.85285491853112,0,0,0,1,0,0,1,0,1,0,0,0,0,1,0,2
1368,1,4,25.0,1.0,2.0,14.0,0,0,0,0,1,0,1,0,0,1,0,0,0,0,1,2
1369,2,10,60.0,1.0,7.0,151.0,0,0,0,0,1,0,0,1,1,0,0,0,1,0,0,2
1370,6,16,60.0,4.0,12.0,141.0,1,0,0,0,0,0,0,1,0,0,1,0,1,0,0,2
1371,1,2,45.0,4.0,1.0,11.0,0,0,0,0,1,1,0,0,0,0,0,1,1,0,0,2
1372,2,10,23.0,4.0,6.0,117.0,0,0,1,0,0,1,0,0,0,1,0,0,0,0,1,2
1373,2,12,39.0,2.0,7.0,240.0,0,0,0,0,1,0,1,0,1,0,0,0,1,0,0,2
1374,1,5,52.0,2.0,2.0,13.0,0,0,0,1,0,1,0,0,0,0,0,1,0,0,1,2
1375,5,5,66.0,3.0,5.0,3.0,0,0,1,0,0,0,0,1,0,1,0,0,1,0,0,2
1376,1,3,62.0,5.0,3.0,10.0,0,0,0,0,1,0,0,1,0,1,0,0,0,0,1,2
1377,1,2,19.0,3.0,2.0,13.0,0,0,0,1,0,1,0,0,1,0,0,0,1,0,0,2
1378,1,6,45.41313782,3.18360615,3.0,12.0,0,1,0,0,0,0,1,0,0,0,1,0,1,0,0,2
1379,5,16,38.0,5.0,12.0,713.0,0,1,0,0,0,0,1,0,1,0,0,0,0,0,1,2
1380,1,3,60.0,2.0,3.0,11.0,0,0,1,0,0,1,0,0,0,0,0,1,0,0,1,2
1381,1,1,35.0,4.0,1.0,9.0,0,0,1,0,0,1,0,0,0,0,1,0,0,0,1,2
1382,1,2,22.0,1.0,2.0,13.0,0,1,0,0,0,0,1,0,0,0,1,0,0,0,1,2
1383,5,25,35.0,4.0,11.0,488.0,1,0,0,0,0,1,0,0,0,0,1,0,1,0,0,2
1384,2,9,68.0,4.0,4.0,1.0,0,0,0,1,0,0,0,1,0,0,1,0,1,0,0,2
1385,1,1,39.01900585,3.201483042,1.0,12.0,1,0,0,0,0,0,1,0,0,0,0,1,0,1,0,2
1386,5,5,29.0,1.0,5.0,2.0,0,0,0,0,1,1,0,0,0,0,0,1,0,0,1,2
1387,2,4,40.0,5.0,2.0,137.0,0,0,0,0,1,0,1,0,0,0,0,1,0,1,0,2
1388,2,2,60.0,5.0,2.0,2.0,0,1,0,0,0,0,1,0,0,0,0,1,0,1,0,2
1389,1,3,53.0,4.0,3.0,11.0,0,0,0,0,1,1,0,0,0,1,0,0,1,0,0,2
1390,2,4,67.0,1.0,2.0,141.0,0,0,0,1,0,0,0,1,0,1,0,0,0,0,1,2
1391,2,6,48.0,5.0,6.0,18.0,0,0,0,0,1,1,0,0,0,1,0,0,0,0,1,2
1392,1,5,64.0,2.0,3.0,11.0,0,0,1,0,0,1,0,0,0,0,1,0,0,0,1,2
1393,6,15,35.0,1.0,14.0,759.0,1,0,0,0,0,0,0,1,0,0,1,0,0,0,1,2
1394,1,2,41.0,5.0,1.0,10.0,0,0,0,1,0,1,0,0,0,0,0,1,0,0,1,2
1395,1,1,29.42399059,2.936156479,1.0,13.0,1,0,0,0,0,0,1,0,0,0,1,0,0,0,1,2
1396,4,21,65.0,2.0,12.0,640.0,0,0,1,0,0,1,0,0,0,1,0,0,0,1,0,2
1397,1,3,65.0,1.0,3.0,11.0,1,0,0,0,0,1,0,0,1,0,0,0,1,0,0,2
1398,3,14,58.0,2.0,6.0,112.0,1,0,0,0,0,0,0,1,0,0,0,1,0,1,0,2
1399,2,6,64.0,1.0,7.0,126.65047181888018,0,0,1,0,0,0,1,0,0,0,1,0,1,0,0,2
1400,1,4,69.0,3.0,2.0,13.0,0,0,0,0,1,0,0,1,1,0,0,0,0,0,1,2
1401,1,2,40.0,4.0,3.0,12.0,0,0,1,0,0,0,1,0,0,0,0,1,1,0,0,2
1402,1,5,52.0,2.0,2.0,13.0,0,0,0,1,0,1,0,0,0,0,0,1,0,0,1,2
1403,5,25,35.0,4.0,11.0,488.0,1,0,0,0,0,1,0,0,0,0,1,0,1,0,0,2
1404,1,4,29.0,3.0,2.0,11.0,1,0,0,0,0,1,0,0,0,0,1,0,0,0,1,2
1405,2,2,43.0,4.0,2.0,818.0,1,0,0,0,0,0,0,1,0,1,0,0,0,0,1,2
1406,4,26,35.0,5.0,11.0,617.0,1,0,0,0,0,0,0,1,1,0,0,0,0,1,0,2
1407,1,4,23.0,2.0,2.0,11.0,1,0,0,0,0,0,1,0,0,1,0,0,0,1,0,2
1408,5,25,35.0,4.0,11.0,488.0,1,0,0,0,0,1,0,0,0,0,1,0,1,0,0,2
1409,1,2,44.0,3.0,2.0,12.0,1,0,0,0,0,0,0,1,0,0,1,0,1,0,0,2
1410,5,14,19.0,1.0,13.0,894.0,0,0,1,0,0,0,1,0,1,0,0,0,0,1,0,2
1411,2,2,59.60891688,2.702844552,2.0,898.0,0,0,1,0,0,0,0,1,1,0,0,0,0,0,1,2
1412,1,4,28.0,5.0,2.0,12.0,1,0,0,0,0,0,1,0,0,0,1,0,0,1,0,2
1413,5,5,43.0,4.0,5.0,2.0,0,0,1,0,0,0,1,0,1,0,0,0,1,0,0,2
1414,5,15,67.16510874,2.326918835,15.0,798.0,0,1,0,0,0,0,0,1,1,0,0,0,1,0,0,2
1415,1,4,55.0,2.0,2.0,11.0,0,0,0,1,0,1,0,0,0,1,0,0,1,0,0,2
1416,1,3,42.0,5.0,3.0,14.0,0,0,1,0,0,1,0,0,0,0,1,0,0,1,0,2
1417,1,4,21.0,3.0,2.0,11.0,0,0,1,0,0,0,0,1,0,0,0,1,1,0,0,2
1418,2,7,48.0,5.0,4.0,1.0,1,0,0,0,0,0,0,1,1,0,0,0,0,1,0,2
1419,2,8,31.0,2.0,4.0,1.0,0,0,0,1,0,0,0,1,0,0,0,1,1,0,0,2
1420,2,8,37.0,2.0,4.0,180.0,0,0,0,1,0,0,1,0,0,0,1,0,0,1,0,2
1421,2,8,27.0,1.0,4.0,6.0,0,0,1,0,0,0,1,0,1,0,0,0,0,1,0,2
1422,2,13,36.0,2.0,6.0,94.0,0,0,0,0,1,0,1,0,0,1,0,0,0,0,1,2
1423,2,13,24.0,4.0,6.0,243.0,0,0,0,0,1,0,0,1,0,1,0,0,0,0,1,2
1424,1,1,29.42399059,2.936156479,1.0,13.0,1,0,0,0,0,0,1,0,0,0,1,0,0,0,1,2
1425,1,4,54.0,5.0,2.0,12.0,0,1,0,0,0,1,0,0,1,0,0,0,0,0,1,2
1426,2,11,62.0,3.0,6.0,94.0,0,0,0,1,0,0,1,0,0,0,1,0,1,0,0,2
1427,2,12,24.0,1.0,5.0,266.0,0,0,0,0,1,0,1,0,1,0,0,0,0,1,0,2
1428,2,8,37.0,2.0,4.0,180.0,0,0,0,1,0,0,1,0,0,0,1,0,0,1,0,2
1429,1,2,41.0,5.0,1.0,10.0,0,0,0,1,0,1,0,0,0,0,0,1,0,0,1,2
1430,2,6,55.48825408,2.887317753,6.0,21.0,0,0,1,0,0,1,0,0,1,0,0,0,0,0,1,2
1431,2,9,57.0,5.0,4.0,175.0,0,0,0,1,0,0,1,0,0,0,0,1,0,1,0,2
1432,5,17,66.0,3.0,10.0,117.0,0,0,0,0,1,1,0,0,0,1,0,0,1,0,0,2
1433,2,8,58.0,3.0,4.0,1.0,0,0,0,0,1,1,0,0,0,0,0,1,0,0,1,2
1434,4,18,67.0,2.0,10.0,108.0,0,0,1,0,0,0,0,1,1,0,0,0,0,0,1,2
1435,1,1,38.0,4.0,1.0,12.0,0,1,0,0,0,0,0,1,0,1,0,0,0,0,1,2
1436,2,7,30.0,5.0,7.0,21.0,0,1,0,0,0,1,0,0,0,0,1,0,0,1,0,2
1437,1,1,52.0,4.0,1.0,12.0,0,0,1,0,0,1,0,0,0,0,1,0,1,0,0,2
1438,4,15,55.0,5.0,6.0,101.0,1,0,0,0,0,1,0,0,0,1,0,0,1,0,0,2
1439,1,3,45.0,3.0,3.0,11.0,0,1,0,0,0,1,0,0,1,0,0,0,0,0,1,2
1440,2,4,30.55109623,2.609819334,4.0,57.0,1,0,0,0,0,1,0,0,0,0,0,1,1,0,0,2
1441,3,12,18.0,4.0,7.0,93.0,0,0,1,0,0,0,1,0,0,0,0,1,1,0,0,2
1442,1,1,38.0,4.0,1.0,12.0,0,1,0,0,0,0,0,1,0,1,0,0,0,0,1,2
1443,2,9,68.0,4.0,4.0,1.0,0,0,0,1,0,0,0,1,0,0,1,0,1,0,0,2
1444,1,2,32.0,2.0,2.0,15.0,1,0,0,0,0,0,1,0,0,1,0,0,0,1,0,2
1445,1,3,45.0,3.0,3.0,11.0,0,1,0,0,0,1,0,0,1,0,0,0,0,0,1,2
1446,2,6,64.0,1.0,7.0,126.65047181888018,0,0,1,0,0,0,1,0,0,0,1,0,1,0,0,2
1447,1,4,28.0,5.0,2.0,12.0,1,0,0,0,0,0,1,0,0,0,1,0,0,1,0,2
1448,4,26,57.0,5.0,12.0,557.0,0,0,1,0,0,1,0,0,1,0,0,0,0,0,1,2
1449,7,6,50.0,3.0,6.0,2.0,0,0,0,0,1,0,0,1,0,0,1,0,0,0,1,2
1450,1,4,41.17020369,0.697433526,2.0,12.0,0,0,0,0,1,0,1,0,0,0,0,1,1,0,0,2
1451,2,8,27.0,1.0,4.0,6.0,0,0,1,0,0,0,1,0,1,0,0,0,0,1,0,2
1452,2,2,61.0,4.0,2.0,2.0,0,1,0,0,0,0,1,0,0,1,0,0,0,0,1,2
1453,1,1,45.0,5.0,1.0,10.0,0,0,1,0,0,0,0,1,0,1,0,0,0,0,1,2
1454,1,4,38.0,4.0,2.0,9.0,0,0,0,1,0,1,0,0,0,0,1,0,0,1,0,2
1455,2,13,36.0,5.0,6.0,219.0,0,0,0,1,0,0,0,1,0,0,0,1,0,0,1,2
1456,2,5,19.0,3.0,5.0,22.0,0,0,1,0,0,0,0,1,1,0,0,0,1,0,0,2
1457,2,5,47.0,5.0,2.0,116.0,0,0,0,0,1,0,0,1,1,0,0,0,1,0,0,2
1458,2,5,54.0,1.0,2.0,108.0,1,0,0,0,0,0,1,0,0,0,0,1,1,0,0,2
1459,2,4,40.0,5.0,2.0,137.0,0,0,0,0,1,0,1,0,0,0,0,1,0,1,0,2
1460,1,3,25.0,3.0,3.0,11.0,0,0,1,0,0,0,1,0,0,1,0,0,0,0,1,2
1461,2,11,41.0,4.0,7.0,139.0,0,0,0,0,1,1,0,0,0,0,0,1,1,0,0,2
1462,1,1,26.0,1.0,1.0,13.0,1,0,0,0,0,0,1,0,0,0,1,0,1,0,0,2
1463,1,4,56.0,4.0,2.0,10.0,0,0,1,0,0,0,0,1,0,0,1,0,1,0,0,2
1464,5,17,25.0,1.0,15.0,868.0,0,0,1,0,0,0,1,0,0,0,0,1,0,0,1,2
1465,2,6,55.0,5.0,6.0,934.0,0,0,0,1,0,0,0,1,0,1,0,0,1,0,0,2
1466,1,3,57.7241644,5.604227677,3.0,12.0,0,1,0,0,0,0,0,1,0,0,1,0,1,0,0,2
1467,3,13,61.0,5.0,6.0,116.0,0,1,0,0,0,1,0,0,0,0,0,1,1,0,0,2
1468,1,4,47.0,1.0,2.0,12.0,0,0,0,0,1,0,0,1,0,0,1,0,0,0,1,2
1469,5,5,66.0,3.0,5.0,3.0,0,0,1,0,0,0,0,1,0,1,0,0,1,0,0,2
1470,1,3,47.0,4.0,3.0,10.0,1,0,0,0,0,0,0,1,0,0,1,0,0,0,1,2
1471,2,11,49.0,2.0,7.0,147.0,0,1,0,0,0,0,0,1,0,0,0,1,0,1,0,2
1472,1,3,47.0,4.0,3.0,10.0,1,0,0,0,0,0,0,1,0,0,1,0,0,0,1,2
1473,1,2,55.0,3.0,2.0,13.0,0,0,1,0,0,1,0,0,0,1,0,0,0,0,1,2
1474,2,2,31.0,1.0,2.0,928.0,1,0,0,0,0,1,0,0,0,1,0,0,1,0,0,2
1475,6,15,35.0,1.0,14.0,759.0,1,0,0,0,0,0,0,1,0,0,1,0,0,0,1,2
1476,5,5,68.0,1.0,5.0,206.52147711312395,0,1,0,0,0,0,1,0,1,0,0,0,0,1,0,2
1477,1,3,55.0,3.0,2.0,60.54534731339264,0,0,0,0,1,0,1,0,0,1,0,0,0,1,0,2
1478,6,14,43.0,3.0,15.0,642.0,0,1,0,0,0,0,1,0,0,0,0,1,0,1,0,2
1479,1,6,32.0,1.0,3.0,12.0,1,0,0,0,0,1,0,0,0,0,1,0,1,0,0,2
1480,5,14,29.0,4.0,16.0,783.0,0,0,0,1,0,1,0,0,0,0,0,1,0,1,0,2
1481,2,8,31.0,2.0,4.0,1.0,0,0,0,1,0,0,0,1,0,0,0,1,1,0,0,2
